,date,Nominal GDP (Billions JPY),Real GDP (Billions Chained JPY),Real GDP IMF (Billions Chained 2015 JPY)
0,1994-01-01,521940.3,465062.8,116265700.0
1,1994-04-01,519833.8,461491.9,115372975.0
2,1994-07-01,522901.5,466135.1,116533775.0
3,1994-10-01,521997.4,464395.9,116098975.0
4,1995-01-01,524159.2,468893.7,117223425.0
5,1995-04-01,527572.5,473149.2,118287300.0
6,1995-07-01,534040.0,478591.9,119647975.0
7,1995-10-01,535751.8,479789.4,119947350.0
8,1996-01-01,540501.3,484270.3,121067575.0
9,1996-04-01,546506.4,489493.7,122373425.0
10,1996-07-01,546703.2,490384.9,122596225.0
11,1996-10-01,551603.8,495641.5,123910375.0
12,1997-01-01,553235.0,498905.6,124726400.0
13,1997-04-01,554776.3,495397.1,123849275.0
14,1997-07-01,554538.9,496171.9,124042975.0
15,1997-10-01,555067.6,496111.4,124027850.0
16,1998-01-01,545592.8,488261.7,122065425.0
17,1998-04-01,541524.7,485562.3,121390575.0
18,1998-07-01,540283.0,486200.6,121550150.0
19,1998-10-01,545941.0,490395.5,122598875.0
20,1999-01-01,534639.7,483233.5,120808375.0
21,1999-04-01,535340.3,485675.6,121418900.0
22,1999-07-01,534872.5,488374.4,122093600.0
23,1999-10-01,533971.3,488082.0,122020500.0
24,2000-01-01,542407.5,497255.9,124313975.0
25,2000-04-01,544151.8,500293.5,125073375.0
26,2000-07-01,542151.7,500069.2,125017300.0
27,2000-10-01,546231.6,505251.5,126312875.0
28,2001-01-01,550258.8,508205.1,127051275.0
29,2001-04-01,542490.4,504349.8,126087450.0
30,2001-07-01,534297.7,498413.1,124603275.0
31,2001-10-01,531800.6,497324.8,124331200.0
32,2002-01-01,533996.7,498585.1,124646275.0
33,2002-04-01,532330.2,502163.5,125540875.0
34,2002-07-01,531860.0,503709.3,125927325.0
35,2002-10-01,531678.3,504885.8,126221450.0
36,2003-01-01,526795.6,504304.8,126076200.0
37,2003-04-01,531399.3,508465.6,127116400.0
38,2003-07-01,531004.6,509941.6,127485400.0
39,2003-10-01,532356.6,515098.8,128774700.0
40,2004-01-01,534927.3,519509.2,129877300.0
41,2004-04-01,533634.0,519125.8,129781450.0
42,2004-07-01,535938.0,522003.3,130500825.0
43,2004-10-01,533914.7,520014.2,130003550.0
44,2005-01-01,534431.9,523233.5,130808375.0
45,2005-04-01,536927.4,528261.3,132065325.0
46,2005-07-01,539007.9,533020.6,133255150.0
47,2005-10-01,539572.7,534522.3,133630575.0
48,2006-01-01,538802.5,534939.2,133734800.0
49,2006-04-01,539137.5,536418.5,134104625.0
50,2006-07-01,538283.7,536339.0,134084750.0
51,2006-10-01,546062.2,543554.5,135888625.0
52,2007-01-01,546794.2,547464.6,136866150.0
53,2007-04-01,547712.9,548309.6,137077400.0
54,2007-07-01,541560.5,544701.6,136175400.0
55,2007-10-01,542460.5,547804.6,136951150.0
56,2008-01-01,542645.5,548954.6,137238650.0
57,2008-04-01,539189.0,546317.6,136579400.0
58,2008-07-01,528851.2,540228.7,135057175.0
59,2008-10-01,523153.0,527418.7,131854675.0
60,2009-01-01,500109.5,504027.0,126006750.0
61,2009-04-01,502567.4,509670.3,127417575.0
62,2009-07-01,495202.8,506344.3,126586075.0
63,2009-10-01,500165.4,514487.3,128621825.0
64,2010-01-01,505586.8,520863.8,130215950.0
65,2010-04-01,510007.0,528052.0,132013000.0
66,2010-07-01,515372.6,537138.1,134284525.0
67,2010-10-01,510279.9,532540.9,133135225.0
68,2011-01-01,501624.3,524893.4,131223350.0
69,2011-04-01,494332.3,521545.2,130386300.0
70,2011-07-01,504539.2,534011.6,133502900.0
71,2011-10-01,505132.1,534214.1,133553525.0
72,2012-01-01,512162.8,542324.2,135581050.0
73,2012-04-01,504937.2,537308.3,134327075.0
74,2012-07-01,502605.5,535169.2,133792300.0
75,2012-10-01,502402.0,534891.4,133722850.0
76,2013-01-01,508412.7,541706.1,135426525.0
77,2013-04-01,513168.6,547278.6,136819650.0
78,2013-07-01,518922.1,552460.3,138115075.0
79,2013-10-01,518757.8,551698.2,137924550.0
80,2014-01-01,524139.1,557450.2,139362550.0
81,2014-04-01,527212.4,549443.1,137360775.0
82,2014-07-01,528119.4,550507.5,137626875.0
83,2014-10-01,532904.5,553703.8,138425950.0
84,2015-01-01,545629.4,562599.8,140649950.0
85,2015-04-01,548838.4,562954.7,140738675.0
86,2015-07-01,550641.4,563775.3,140943825.0
87,2015-10-01,550585.6,562701.0,140675250.0
88,2016-01-01,557437.9,567570.3,141892575.0
89,2016-04-01,554659.4,565647.0,141411750.0
90,2016-07-01,555214.5,566912.6,141728150.0
91,2016-10-01,555777.0,567006.6,141751650.0
92,2017-01-01,559131.0,571114.5,142778625.0
93,2017-04-01,561524.6,572977.9,143244475.0
94,2017-07-01,569846.0,579483.7,144870925.0
95,2017-10-01,569668.5,580397.4,145099350.0
96,2018-01-01,569593.0,579477.3,144869325.0
97,2018-04-01,571257.8,583163.0,145790750.0
98,2018-07-01,567857.0,580286.3,145071575.0
99,2018-10-01,568065.1,580703.6,145175900.0
100,2019-01-01,572671.7,581427.8,145356950.0
101,2019-04-01,574789.1,583748.5,145937125.0
102,2019-07-01,575370.9,583997.0,145999250.0
103,2019-10-01,564540.1,567207.5,141801875.0
104,2020-01-01,567809.3,569390.5,142347625.0
105,2020-04-01,528782.9,528285.9,132071475.0
106,2020-07-01,554676.8,554559.0,138639750.0
107,2020-10-01,564000.7,563835.2,140958800.0
108,2021-01-01,568810.7,569915.2,142478800.0
109,2021-04-01,573301.4,574076.5,143519125.0
110,2021-07-01,573181.0,573096.6,143274150.0
111,2021-10-01,579546.9,579999.8,144999950.0
112,2022-01-01,580284.2,577966.7,144491675.0
113,2022-04-01,583870.2,583567.6,145891900.0
114,2022-07-01,582101.4,581272.1,145318025.0
115,2022-10-01,593645.6,583934.3,145983575.0
116,2023-01-01,605945.3,588367.0,147091750.0
117,2023-04-01,617603.0,589526.1,147381525.0
118,2023-07-01,617264.8,581249.5,145312375.0
119,2023-10-01,623243.4,584270.9,146067725.0
120,2024-01-01,619185.6,581117.4,145279350.0
121,2024-04-01,632097.1,582174.9,145543725.0
122,2024-07-01,639118.6,585980.8,146495200.0
123,2024-10-01,646124.3,588684.5,147171125.0
124,2025-01-01,651776.8,590260.6,147565150.0
125,2025-04-01,665979.8,593799.9,148449975.0
126,2025-07-01,665724.4,589930.5,147482625.0
127,2025-10-01,671554.9,591856.7,147964175.0
