date,Total PCE (Nominal),Real PCE,PCE: Goods,PCE: Services,Personal Income,Real Disposable Personal Income,Personal Saving Rate,Advance Retail Sales (ex. Food Services),Real Retail & Food Services Sales,U. of Michigan Consumer Sentiment
1946-01-01,,,,,,,,,,
1946-02-01,,,,,,,,,,
1946-03-01,,,,,,,,,,
1946-04-01,,,,,,,,,,
1946-05-01,,,,,,,,,,
1946-06-01,,,,,,,,,,
1946-07-01,,,,,,,,,,
1946-08-01,,,,,,,,,,
1946-09-01,,,,,,,,,,
1946-10-01,,,,,,,,,,
1946-11-01,,,,,,,,,,
1946-12-01,,,,,,,,,,
1947-01-01,,,,,,,,,,
1947-02-01,,,,,,,,,,
1947-03-01,,,,,,,,,,
1947-04-01,,,,,,,,,,
1947-05-01,,,,,,,,,,
1947-06-01,,,,,,,,,,
1947-07-01,,,,,,,,,,
1947-08-01,,,,,,,,,,
1947-09-01,,,,,,,,,,
1947-10-01,,,,,,,,,,
1947-11-01,,,,,,,,,,
1947-12-01,,,,,,,,,,
1948-01-01,,,,,,,,,,
1948-02-01,,,,,,,,,,
1948-03-01,,,,,,,,,,
1948-04-01,,,,,,,,,,
1948-05-01,,,,,,,,,,
1948-06-01,,,,,,,,,,
1948-07-01,,,,,,,,,,
1948-08-01,,,,,,,,,,
1948-09-01,,,,,,,,,,
1948-10-01,,,,,,,,,,
1948-11-01,,,,,,,,,,
1948-12-01,,,,,,,,,,
1949-01-01,,,,,,,,,,
1949-02-01,,,,,,,,,,
1949-03-01,,,,,,,,,,
1949-04-01,,,,,,,,,,
1949-05-01,,,,,,,,,,
1949-06-01,,,,,,,,,,
1949-07-01,,,,,,,,,,
1949-08-01,,,,,,,,,,
1949-09-01,,,,,,,,,,
1949-10-01,,,,,,,,,,
1949-11-01,,,,,,,,,,
1949-12-01,,,,,,,,,,
1950-01-01,,,,,,,,,,
1950-02-01,,,,,,,,,,
1950-03-01,,,,,,,,,,
1950-04-01,,,,,,,,,,
1950-05-01,,,,,,,,,,
1950-06-01,,,,,,,,,,
1950-07-01,,,,,,,,,,
1950-08-01,,,,,,,,,,
1950-09-01,,,,,,,,,,
1950-10-01,,,,,,,,,,
1950-11-01,,,,,,,,,,
1950-12-01,,,,,,,,,,
1951-01-01,,,,,,,,,,
1951-02-01,,,,,,,,,,
1951-03-01,,,,,,,,,,
1951-04-01,,,,,,,,,,
1951-05-01,,,,,,,,,,
1951-06-01,,,,,,,,,,
1951-07-01,,,,,,,,,,
1951-08-01,,,,,,,,,,
1951-09-01,,,,,,,,,,
1951-10-01,,,,,,,,,,
1951-11-01,,,,,,,,,,
1951-12-01,,,,,,,,,,
1952-01-01,,,,,,,,,,
1952-02-01,,,,,,,,,,
1952-03-01,,,,,,,,,,
1952-04-01,,,,,,,,,,
1952-05-01,,,,,,,,,,
1952-06-01,,,,,,,,,,
1952-07-01,,,,,,,,,,
1952-08-01,,,,,,,,,,
1952-09-01,,,,,,,,,,
1952-10-01,,,,,,,,,,
1952-11-01,,,,,,,,,,86.2
1952-12-01,,,,,,,,,,
1953-01-01,,,,,,,,,,
1953-02-01,,,,,,,,,,90.7
1953-03-01,,,,,,,,,,
1953-04-01,,,,,,,,,,
1953-05-01,,,,,,,,,,
1953-06-01,,,,,,,,,,
1953-07-01,,,,,,,,,,
1953-08-01,,,,,,,,,,80.8
1953-09-01,,,,,,,,,,
1953-10-01,,,,,,,,,,
1953-11-01,,,,,,,,,,80.7
1953-12-01,,,,,,,,,,
1954-01-01,,,,,,,,,,
1954-02-01,,,,,,,,,,82.0
1954-03-01,,,,,,,,,,
1954-04-01,,,,,,,,,,
1954-05-01,,,,,,,,,,82.9
1954-06-01,,,,,,,,,,
1954-07-01,,,,,,,,,,
1954-08-01,,,,,,,,,,
1954-09-01,,,,,,,,,,
1954-10-01,,,,,,,,,,
1954-11-01,,,,,,,,,,87.0
1954-12-01,,,,,,,,,,
1955-01-01,,,,,,,,,,
1955-02-01,,,,,,,,,,95.9
1955-03-01,,,,,,,,,,
1955-04-01,,,,,,,,,,
1955-05-01,,,,,,,,,,99.1
1955-06-01,,,,,,,,,,
1955-07-01,,,,,,,,,,
1955-08-01,,,,,,,,,,
1955-09-01,,,,,,,,,,
1955-10-01,,,,,,,,,,
1955-11-01,,,,,,,,,,99.7
1955-12-01,,,,,,,,,,
1956-01-01,,,,,,,,,,
1956-02-01,,,,,,,,,,
1956-03-01,,,,,,,,,,
1956-04-01,,,,,,,,,,
1956-05-01,,,,,,,,,,98.2
1956-06-01,,,,,,,,,,
1956-07-01,,,,,,,,,,
1956-08-01,,,,,,,,,,99.9
1956-09-01,,,,,,,,,,
1956-10-01,,,,,,,,,,
1956-11-01,,,,,,,,,,100.2
1956-12-01,,,,,,,,,,
1957-01-01,,,,,,,,,,
1957-02-01,,,,,,,,,,
1957-03-01,,,,,,,,,,
1957-04-01,,,,,,,,,,
1957-05-01,,,,,,,,,,92.9
1957-06-01,,,,,,,,,,
1957-07-01,,,,,,,,,,
1957-08-01,,,,,,,,,,
1957-09-01,,,,,,,,,,
1957-10-01,,,,,,,,,,
1957-11-01,,,,,,,,,,83.7
1957-12-01,,,,,,,,,,
1958-01-01,,,,,,,,,,
1958-02-01,,,,,,,,,,78.5
1958-03-01,,,,,,,,,,
1958-04-01,,,,,,,,,,
1958-05-01,,,,,,,,,,80.9
1958-06-01,,,,,,,,,,
1958-07-01,,,,,,,,,,
1958-08-01,,,,,,,,,,
1958-09-01,,,,,,,,,,
1958-10-01,,,,,,,,,,
1958-11-01,,,,,,,,,,90.8
1958-12-01,,,,,,,,,,
1959-01-01,306.1,,167.4,138.7,391.8,2318.4,11.3,,,
1959-02-01,309.6,,169.6,140.0,393.7,2325.4,10.6,,,
1959-03-01,312.7,,172.2,140.5,396.5,2338.7,10.3,,,
1959-04-01,312.2,,170.7,141.5,399.9,2353.8,11.2,,,
1959-05-01,316.1,,173.3,142.8,402.4,2366.6,10.6,,,95.3
1959-06-01,318.2,,173.8,144.3,404.8,2374.5,10.5,,,
1959-07-01,317.8,,172.7,145.1,405.4,2370.8,10.7,,,
1959-08-01,320.2,,174.1,146.1,403.7,2356.8,9.6,,,
1959-09-01,324.2,,176.8,147.4,405.1,2357.8,8.7,,,
1959-10-01,322.8,,174.5,148.3,406.6,2359.5,9.4,,,
1959-11-01,322.9,,173.7,149.2,409.9,2376.6,10.1,,,93.8
1959-12-01,322.9,,172.5,150.4,414.6,2399.7,11.0,,,
1960-01-01,323.6,,172.8,150.8,415.7,2404.9,10.9,,,
1960-02-01,325.3,,174.1,151.2,416.6,2405.3,10.6,,,100.0
1960-03-01,330.2,,178.2,151.9,417.6,2408.1,9.4,,,
1960-04-01,336.5,,183.2,153.3,420.6,2417.3,8.4,,,
1960-05-01,330.0,,176.0,154.0,422.1,2422.6,10.4,,,93.3
1960-06-01,330.1,,176.0,154.1,422.6,2424.9,10.4,,,
1960-07-01,331.4,,177.0,154.3,424.1,2428.8,10.4,,,
1960-08-01,331.6,,177.2,154.4,424.1,2423.3,10.3,,,97.2
1960-09-01,333.4,,178.3,155.1,424.9,2426.7,10.0,,,
1960-10-01,335.4,,179.3,156.1,426.7,2435.6,9.8,,,
1960-11-01,335.4,,178.2,157.2,426.3,2425.5,9.8,,,90.1
1960-12-01,331.3,,173.9,157.4,424.4,2414.6,10.4,,,
1961-01-01,332.2,,173.9,158.3,428.3,2437.9,11.1,,,
1961-02-01,333.7,,175.2,158.5,430.3,2448.1,11.1,,,91.6
1961-03-01,337.7,,177.8,159.9,431.9,2458.4,10.4,,,
1961-04-01,337.6,,176.6,161.0,432.5,2463.4,10.6,,,
1961-05-01,339.9,,177.8,162.1,436.1,2483.5,10.8,,,92.5
1961-06-01,340.9,,178.3,162.5,440.5,2509.1,11.5,,,
1961-07-01,340.6,,178.0,162.5,442.7,2517.6,12.0,,,
1961-08-01,342.1,,179.2,162.9,443.3,2517.7,11.7,,,99.2
1961-09-01,344.4,,180.3,164.1,444.3,2519.9,11.3,,,
1961-10-01,346.5,,180.9,165.6,448.7,2546.6,11.7,,,
1961-11-01,349.9,,183.0,166.9,452.7,2570.1,11.6,,,93.0
1961-12-01,352.4,,184.6,167.8,455.6,2585.8,11.6,,,
1962-01-01,353.2,,184.7,168.5,456.0,2579.4,11.3,,,
1962-02-01,354.0,,184.8,169.2,459.1,2590.9,11.8,,,99.9
1962-03-01,357.4,,187.1,170.2,462.9,2608.1,11.6,,,
1962-04-01,359.0,,187.4,171.6,465.8,2619.6,11.7,,,
1962-05-01,362.0,,189.0,173.0,466.8,2621.1,11.1,,,95.4
1962-06-01,360.4,,187.0,173.4,467.7,2621.6,11.5,,,
1962-07-01,361.4,,187.3,174.0,469.7,2633.0,11.6,,,
1962-08-01,362.9,,188.2,174.7,471.1,2635.5,11.4,,,91.6
1962-09-01,368.8,,193.0,175.7,473.7,2636.3,10.4,,,
1962-10-01,366.5,,190.0,176.5,475.7,2649.3,11.3,,,
1962-11-01,371.7,,193.8,177.9,477.8,2656.5,10.4,,,95.0
1962-12-01,373.6,,195.3,178.3,479.8,2669.0,10.3,,,
1963-01-01,374.4,,195.8,178.6,484.0,2688.2,10.9,,,
1963-02-01,373.4,,194.3,179.1,481.9,2672.3,10.7,,,98.4
1963-03-01,375.0,,195.0,180.0,483.7,2683.6,10.6,,,
1963-04-01,376.4,,195.4,181.0,485.0,2694.6,10.7,,,
1963-05-01,377.2,,195.8,181.4,487.9,2705.0,10.9,,,91.7
1963-06-01,381.7,,198.9,182.8,491.3,2718.6,10.5,,,
1963-07-01,384.4,,200.2,184.3,492.5,2721.6,10.1,,,
1963-08-01,386.3,,200.6,185.7,494.9,2732.5,10.2,,,96.4
1963-09-01,385.5,,198.9,186.6,498.2,2752.9,11.0,,,
1963-10-01,386.0,,198.1,187.9,501.9,2768.9,11.5,,,
1963-11-01,389.4,,200.6,188.9,503.6,2774.7,11.0,,,94.4
1963-12-01,394.7,,204.4,190.3,508.4,2797.1,10.7,,,
1964-01-01,396.8,,205.1,191.6,511.3,2806.4,10.7,,,
1964-02-01,400.2,,207.4,192.8,514.1,2815.3,10.4,,,99.5
1964-03-01,401.8,,207.4,194.4,517.0,2882.1,12.1,,,
1964-04-01,402.8,,207.6,195.3,520.6,2897.7,12.4,,,
1964-05-01,408.4,,212.0,196.5,523.8,2912.9,11.7,,,98.5
1964-06-01,411.4,,213.3,198.1,526.3,2922.5,11.5,,,
1964-07-01,414.9,,216.0,199.0,529.9,2936.4,11.2,,,
1964-08-01,417.7,,217.7,200.1,533.3,2949.4,11.1,,,100.6
1964-09-01,416.6,,215.1,201.5,536.3,2961.1,11.8,,,
1964-10-01,419.6,,217.1,202.5,536.9,2960.2,11.2,,,
1964-11-01,416.4,,212.5,203.8,541.3,2979.4,12.5,,,99.9
1964-12-01,421.0,,215.9,205.1,547.5,3008.0,12.5,,,
1965-01-01,424.4,,218.3,206.1,551.5,3013.8,12.1,,,
1965-02-01,431.4,,224.3,207.1,552.0,3014.5,10.7,,,102.0
1965-03-01,433.3,,225.4,207.9,555.4,3024.6,10.8,,,
1965-04-01,437.1,,227.3,209.7,558.6,3027.8,10.2,,,
1965-05-01,437.6,,226.5,211.1,562.9,3061.4,11.2,,,105.4
1965-06-01,435.2,,222.9,212.3,566.2,3065.8,12.1,,,
1965-07-01,441.0,,227.3,213.7,570.4,3097.8,11.9,,,
1965-08-01,444.4,,229.4,215.0,572.9,3113.1,11.7,,,103.4
1965-09-01,452.0,,235.6,216.4,587.2,3194.5,12.5,,,
1965-10-01,458.5,,240.1,218.4,584.9,3178.9,10.9,,,
1965-11-01,459.1,,238.9,220.2,590.2,3201.4,11.5,,,102.9
1965-12-01,461.7,,240.0,221.6,595.5,3214.6,11.7,,,
1966-01-01,465.2,,242.7,222.4,597.7,3216.8,11.2,,,
1966-02-01,470.2,,246.6,223.6,603.1,3230.2,11.0,,,100.0
1966-03-01,475.0,,249.8,225.2,607.9,3242.8,10.7,,,
1966-04-01,476.9,,250.2,226.8,609.5,3230.5,10.3,,,
1966-05-01,473.1,,244.8,228.2,612.2,3235.7,11.2,,,95.7
1966-06-01,475.5,,245.9,229.6,616.7,3249.2,11.4,,,
1966-07-01,480.6,,249.3,231.3,620.4,3260.4,10.9,,,
1966-08-01,483.2,,251.4,231.8,625.9,3277.2,11.2,,,91.2
1966-09-01,489.2,,255.7,233.5,631.7,3296.6,11.0,,,
1966-10-01,488.3,,253.4,234.9,636.0,3307.3,11.6,,,
1966-11-01,490.1,,253.0,237.1,640.9,3322.5,11.8,,,88.3
1966-12-01,491.8,,252.7,239.1,642.0,3319.6,11.6,,,
1967-01-01,494.2,,253.9,240.3,648.0,3353.7,12.1,,,
1967-02-01,493.0,,252.5,240.4,649.6,3360.2,12.6,,,94.1
1967-03-01,495.8,,253.9,241.9,653.9,3385.5,12.8,,,
1967-04-01,501.3,,257.9,243.4,654.4,3384.5,11.9,,,
1967-05-01,502.2,,257.5,244.7,656.9,3391.3,12.0,,,95.9
1967-06-01,506.8,,260.1,246.7,661.6,3403.8,11.9,,,
1967-07-01,506.7,,258.1,248.6,667.2,3417.4,12.6,,,
1967-08-01,509.8,,259.4,250.4,672.5,3429.7,12.6,,,97.0
1967-09-01,515.6,,263.9,251.7,675.0,3429.3,11.9,,,
1967-10-01,512.2,,259.3,252.9,677.8,3434.5,12.9,,,
1967-11-01,517.4,,262.9,254.5,684.4,3455.3,12.8,,,92.9
1967-12-01,525.1,,268.4,256.8,687.4,3461.6,11.8,,,
1968-01-01,530.9,,271.0,259.9,694.3,3480.2,11.7,,,
1968-02-01,533.6,,272.4,261.2,702.5,3505.4,12.3,,,97.2
1968-03-01,544.3,,279.7,264.6,710.8,3538.4,11.7,,,
1968-04-01,544.0,,277.2,266.8,716.2,3550.7,12.3,,,
1968-05-01,549.8,,281.3,268.5,722.6,3565.2,12.0,,,92.4
1968-06-01,556.3,,284.1,272.2,728.3,3581.3,11.7,,,
1968-07-01,563.2,,289.5,273.7,735.0,3573.9,10.7,,,
1968-08-01,567.0,,291.4,275.6,741.4,3578.5,10.5,,,92.4
1968-09-01,568.2,,290.3,277.9,747.4,3578.9,10.6,,,
1968-10-01,571.6,,291.6,280.0,752.0,3591.7,10.8,,,
1968-11-01,576.7,,294.5,282.3,758.0,3605.1,10.6,,,91.7
1968-12-01,576.5,,292.4,284.2,762.6,3617.6,11.1,,,
1969-01-01,583.5,,297.4,286.1,766.3,3611.0,10.3,,,
1969-02-01,588.7,,300.0,288.6,771.8,3611.8,9.7,,,98.2
1969-03-01,588.9,,299.1,289.8,779.0,3618.3,10.2,,,
1969-04-01,593.9,,301.2,292.7,784.3,3613.0,9.7,,,
1969-05-01,600.3,,304.0,296.3,790.5,3654.1,10.1,,,91.5
1969-06-01,600.9,,302.8,298.1,797.1,3679.9,11.1,,,
1969-07-01,602.7,,303.2,299.5,805.0,3705.6,11.8,,,
1969-08-01,609.9,,308.0,301.9,812.2,3728.3,11.5,,,86.4
1969-09-01,613.2,,308.6,304.6,817.7,3736.6,11.6,,,
1969-10-01,618.5,,310.6,307.9,822.0,3745.4,11.4,,,
1969-11-01,620.5,,310.0,310.5,826.4,3751.9,11.6,,,79.7
1969-12-01,622.8,,311.2,311.6,831.9,3758.6,11.8,,,
1970-01-01,628.7,,313.8,314.9,836.4,3778.6,11.8,,,
1970-02-01,634.0,,315.0,319.0,841.8,3790.5,11.7,,,78.1
1970-03-01,632.3,,313.5,318.8,847.1,3805.0,12.4,,,
1970-04-01,636.0,,314.7,321.4,859.9,3846.0,13.3,,,
1970-05-01,642.4,,318.3,324.1,857.7,3830.3,12.4,,,75.4
1970-06-01,646.3,,319.7,326.6,862.6,3838.2,12.3,,,
1970-07-01,648.5,,319.7,328.8,870.6,3892.6,13.5,,,
1970-08-01,652.9,,321.5,331.4,875.1,3905.1,13.4,,,77.6
1970-09-01,659.1,,324.0,335.0,878.4,3900.8,12.9,,,
1970-10-01,658.3,,322.3,336.1,879.7,3888.1,13.1,,,
1970-11-01,656.6,,318.6,337.9,882.3,3882.3,13.6,,,72.4
1970-12-01,665.6,,324.5,341.1,889.2,3900.0,13.2,,,
1971-01-01,676.1,,333.7,342.4,898.8,3959.8,13.3,,,
1971-02-01,679.4,,333.7,345.7,903.2,3965.2,13.3,,,78.1
1971-03-01,682.0,,334.2,347.8,909.0,3978.2,13.5,,,
1971-04-01,688.8,,338.4,350.4,915.0,3986.5,13.2,,,
1971-05-01,691.1,,337.5,353.7,922.4,4002.6,13.6,,,80.2
1971-06-01,699.8,,343.6,356.1,943.8,4087.3,14.7,,,
1971-07-01,698.9,,340.2,358.7,934.8,4029.1,13.8,,,
1971-08-01,704.9,,342.6,362.3,940.8,4043.3,13.6,,,82.1
1971-09-01,713.0,,348.8,364.2,947.7,4067.3,13.3,,,
1971-10-01,715.8,,348.5,367.4,951.8,4080.4,13.3,,,
1971-11-01,720.9,,351.2,369.7,958.6,4090.0,13.1,,,82.0
1971-12-01,728.4,,353.0,375.4,967.4,4110.9,13.0,,,
1972-01-01,731.5,,353.8,377.7,976.1,4090.1,12.5,,,
1972-02-01,736.2,,355.9,380.3,987.9,4115.2,12.8,,,92.8
1972-03-01,749.2,,363.6,385.6,995.6,4132.3,11.8,,,
1972-04-01,752.5,,365.1,387.5,998.5,4130.6,11.5,,,
1972-05-01,758.0,,369.9,388.1,1004.9,4160.9,11.7,,,88.6
1972-06-01,761.6,,370.2,391.4,1009.2,4174.2,11.7,,,
1972-07-01,769.9,,374.6,395.3,1019.0,4204.5,11.7,,,
1972-08-01,776.3,,377.8,398.5,1031.4,4243.5,12.0,,,95.2
1972-09-01,781.1,,380.6,400.6,1040.0,4260.0,12.2,,,
1972-10-01,794.9,,389.8,405.2,1065.1,4366.9,13.0,,,
1972-11-01,800.5,,391.3,409.2,1079.2,4415.4,13.6,,,90.7
1972-12-01,806.1,,393.4,412.7,1086.6,4435.1,13.7,,,
1973-01-01,816.5,,401.8,414.7,1085.6,4411.9,12.4,,,
1973-02-01,825.8,,408.1,417.7,1095.3,4444.7,12.5,,,81.9
1973-03-01,832.8,,411.9,420.8,1104.4,4461.0,12.7,,,
1973-04-01,835.7,,411.9,423.9,1114.7,4466.7,13.2,,,
1973-05-01,841.6,,414.0,427.6,1125.1,4475.0,13.2,,,77.0
1973-06-01,844.3,,412.2,432.1,1134.7,4488.3,13.6,,,
1973-07-01,854.1,,420.0,434.1,1142.2,4499.0,13.2,,,
1973-08-01,853.3,,416.1,437.2,1152.0,4484.4,13.9,,,72.0
1973-09-01,869.2,,426.0,443.2,1163.4,4507.3,13.1,,,
1973-10-01,868.2,,422.6,445.5,1180.2,4546.9,14.4,,,
1973-11-01,876.9,,428.2,448.7,1192.6,4554.1,14.4,,,76.5
1973-12-01,876.6,,426.8,449.8,1199.2,4537.2,14.8,,,
1974-01-01,884.5,,431.7,452.8,1200.4,4504.1,14.3,,,
1974-02-01,889.7,,434.0,455.6,1207.1,4470.2,14.2,,,61.8
1974-03-01,901.4,,440.7,460.7,1213.1,4438.2,13.4,,,
1974-04-01,910.8,,444.3,466.5,1220.9,4435.1,13.1,,,
1974-05-01,922.4,,450.5,471.9,1234.1,4430.6,12.8,,,72.1
1974-06-01,928.0,,451.0,477.0,1243.7,4421.7,12.8,,,
1974-07-01,937.9,,457.8,480.2,1257.8,4438.7,12.8,,,
1974-08-01,954.8,,469.6,485.2,1268.8,4432.6,12.1,,,64.4
1974-09-01,955.1,,464.6,490.5,1280.7,4428.0,12.9,,,
1974-10-01,959.2,,462.5,496.7,1294.0,4442.6,13.4,,,
1974-11-01,956.2,,456.9,499.3,1296.0,4419.0,13.8,,,59.5
1974-12-01,961.8,,454.7,507.1,1305.4,4419.7,14.0,,,
1975-01-01,975.6,,464.0,511.6,1312.3,4417.4,13.2,,,
1975-02-01,989.4,,470.9,518.5,1318.8,4420.1,12.5,,,57.6
1975-03-01,990.6,,469.1,521.4,1324.2,4424.1,12.7,,,
1975-04-01,995.0,,468.2,526.8,1330.3,4505.1,14.2,,,
1975-05-01,1018.9,,486.9,532.0,1343.8,4765.1,17.3,,,72.8
1975-06-01,1026.8,,489.5,537.3,1375.8,4604.9,14.3,,,
1975-07-01,1039.8,,498.6,541.2,1372.3,4533.9,12.6,,,
1975-08-01,1047.0,,502.9,544.1,1388.5,4564.1,13.0,,,75.7
1975-09-01,1054.8,,506.8,548.1,1398.7,4575.2,13.0,,,
1975-10-01,1060.9,,503.7,557.1,1413.4,4594.3,13.4,,,
1975-11-01,1075.8,,513.6,562.1,1422.4,4590.9,12.7,,,75.6
1975-12-01,1092.1,,521.8,570.3,1432.3,4595.3,12.0,,,
1976-01-01,1107.1,,530.5,576.7,1447.2,4625.1,11.7,,,
1976-02-01,1107.7,,530.2,577.5,1457.5,4653.7,12.3,,,84.6
1976-03-01,1114.9,,531.5,583.3,1463.6,4667.6,12.2,,,
1976-04-01,1125.4,,538.9,586.5,1472.5,4673.7,11.7,,,
1976-05-01,1122.7,,532.6,590.1,1481.2,4673.8,12.3,,,83.3
1976-06-01,1140.5,,545.5,595.0,1489.9,4678.3,11.4,,,
1976-07-01,1149.6,,547.6,602.0,1506.7,4705.1,11.7,,,
1976-08-01,1158.0,,549.6,608.3,1519.3,4714.6,11.7,,,89.7
1976-09-01,1168.8,,554.1,614.7,1529.2,4715.6,11.4,,,
1976-10-01,1176.8,,558.3,618.5,1536.7,4707.4,11.1,,,
1976-11-01,1189.0,,561.5,627.5,1557.2,4749.8,11.4,,,87.0
1976-12-01,1211.5,,575.5,636.0,1570.7,4767.9,10.6,,,
1977-01-01,1215.0,,572.3,642.7,1572.2,4758.3,10.6,,,
1977-02-01,1231.3,,581.8,649.5,1589.6,4716.2,9.3,,,87.1
1977-03-01,1238.3,,587.1,651.3,1604.7,4782.4,10.5,,,
1977-04-01,1247.3,,590.9,656.4,1620.9,4789.7,10.5,,,
1977-05-01,1257.1,,593.2,663.9,1633.2,4790.6,10.3,,,90.2
1977-06-01,1263.6,,594.7,668.9,1644.9,4810.5,10.6,,,
1977-07-01,1280.5,,601.5,678.9,1662.6,4841.6,10.5,,,
1977-08-01,1285.7,,603.2,682.5,1676.9,4861.2,10.9,,,89.0
1977-09-01,1294.5,,607.0,687.6,1693.7,4887.8,11.1,,,
1977-10-01,1311.4,,615.9,695.5,1716.3,4923.4,11.0,,,
1977-11-01,1327.0,,627.3,699.7,1739.8,4962.7,11.2,,,84.4
1977-12-01,1336.0,,629.8,706.3,1756.0,4983.5,11.4,,,
1978-01-01,1329.5,,615.4,714.0,1760.1,4962.0,11.9,,,83.7
1978-02-01,1355.1,,629.7,725.4,1776.2,4991.5,11.1,,,84.3
1978-03-01,1377.5,,642.5,735.0,1797.9,5033.0,11.0,,,78.8
1978-04-01,1396.4,,652.3,744.1,1821.9,5050.5,10.8,,,81.6
1978-05-01,1412.0,,662.7,749.3,1837.0,5047.2,10.3,,,82.9
1978-06-01,1425.8,,668.0,757.8,1855.8,5047.5,10.0,,,80.0
1978-07-01,1426.8,,666.0,760.8,1876.2,5072.8,10.9,,,82.4
1978-08-01,1447.0,,676.2,770.8,1894.2,5094.2,10.5,,,78.4
1978-09-01,1452.9,,674.9,777.9,1907.5,5095.8,10.6,,,80.4
1978-10-01,1466.9,,682.2,784.7,1929.7,5109.5,10.7,,,79.3
1978-11-01,1480.6,,691.8,788.8,1944.0,5114.1,10.5,,,75.0
1978-12-01,1496.5,,701.0,795.5,1964.2,5139.6,10.4,,,66.1
1979-01-01,1502.4,,699.5,802.9,1985.6,5164.0,11.1,,,72.1
1979-02-01,1517.8,,708.3,809.5,2004.1,5184.7,11.0,,,73.9
1979-03-01,1531.2,,715.8,815.4,2025.9,5198.5,11.2,,,68.4
1979-04-01,1538.4,,711.8,826.7,2030.6,5156.1,11.0,,,66.0
1979-05-01,1558.8,,723.8,835.0,2044.6,5132.2,10.3,,,68.1
1979-06-01,1575.7,,731.0,844.7,2060.4,5118.9,9.8,,,65.8
1979-07-01,1586.1,,737.3,848.8,2091.8,5156.2,10.6,,,60.4
1979-08-01,1615.6,,755.6,860.0,2111.2,5163.7,9.7,,,64.5
1979-09-01,1633.9,,766.9,867.0,2129.7,5159.3,9.4,,,66.7
1979-10-01,1641.6,,762.1,879.6,2147.1,5156.6,9.7,,,62.1
1979-11-01,1657.3,,770.1,887.2,2168.9,5171.2,9.7,,,63.3
1979-12-01,1666.3,,773.2,893.1,2192.7,5182.2,10.1,,,61.0
1980-01-01,1697.3,,793.8,903.5,2218.8,5218.8,9.9,,,67.0
1980-02-01,1701.4,,793.1,908.3,2232.6,5191.3,10.1,,,66.9
1980-03-01,1708.2,,789.1,919.1,2248.1,5159.0,10.3,,,56.5
1980-04-01,1695.2,,777.5,917.7,2257.2,5153.4,11.4,,,52.7
1980-05-01,1700.1,,775.0,925.1,2267.7,5134.3,11.5,,,51.7
1980-06-01,1718.8,,781.0,937.8,2287.5,5145.1,11.3,,,58.7
1980-07-01,1747.1,,797.0,950.1,2322.4,5189.8,11.4,,,62.3
1980-08-01,1763.8,,803.3,960.4,2346.7,5194.8,11.4,,,67.3
1980-09-01,1780.5,,805.2,975.2,2378.6,5216.6,11.7,,,73.7
1980-10-01,1817.1,,824.3,992.8,2418.3,5257.1,11.3,,,75.0
1980-11-01,1826.8,,825.4,1001.4,2443.9,5264.5,11.6,,,76.7
1980-12-01,1851.7,,832.7,1019.0,2471.7,5288.4,11.4,,,64.5
1981-01-01,1870.0,,849.7,1020.4,2487.4,5267.1,10.9,,,71.4
1981-02-01,1884.2,,861.6,1022.6,2505.5,5250.2,10.8,,,66.9
1981-03-01,1902.9,,869.0,1034.0,2531.0,5264.4,10.8,,,66.5
1981-04-01,1904.4,,863.2,1041.2,2537.4,5249.0,10.8,,,72.4
1981-05-01,1913.8,,860.3,1053.4,2556.4,5258.8,10.9,,,76.3
1981-06-01,1934.5,,867.8,1066.6,2580.7,5287.2,10.8,,,73.1
1981-07-01,1942.1,,871.7,1070.4,2635.3,5370.5,12.3,,,74.1
1981-08-01,1966.6,,890.2,1076.5,2661.8,5386.1,12.0,,,77.2
1981-09-01,1965.5,,881.3,1084.3,2674.0,5376.3,12.3,,,73.1
1981-10-01,1963.9,,870.7,1093.2,2675.8,5382.3,12.9,,,70.3
1981-11-01,1970.6,,870.6,1100.0,2693.3,5385.0,13.0,,,62.5
1981-12-01,1988.8,,876.3,1112.5,2699.9,5377.6,12.4,,,64.3
1982-01-01,1997.1,,878.3,1118.8,2709.9,5384.7,12.6,,,71.0
1982-02-01,2021.2,,892.7,1128.5,2729.5,5399.5,12.0,,,66.5
1982-03-01,2024.1,,887.9,1136.2,2734.7,5398.9,12.1,,,62.0
1982-04-01,2026.3,,882.4,1144.0,2755.1,5452.7,12.8,,,65.5
1982-05-01,2044.5,,895.4,1149.1,2771.4,5430.3,12.2,,,67.5
1982-06-01,2048.1,,886.1,1162.0,2782.1,5400.9,12.2,,,65.7
1982-07-01,2072.2,,900.3,1171.9,2798.8,5450.4,12.5,,,65.4
1982-08-01,2080.1,,895.6,1184.5,2813.0,5459.3,12.5,,,65.4
1982-09-01,2104.6,,909.6,1195.1,2819.6,5457.7,11.7,,,69.3
1982-10-01,2125.8,,910.6,1215.2,2833.7,5452.2,11.2,,,73.4
1982-11-01,2149.3,,923.0,1226.2,2853.2,5474.3,10.9,,,72.1
1982-12-01,2161.6,,929.7,1232.0,2872.4,5500.9,10.9,,,71.9
1983-01-01,2174.0,,923.4,1250.6,2882.6,5520.0,11.1,,,70.4
1983-02-01,2177.0,,919.7,1257.3,2889.6,5522.6,11.2,,,74.6
1983-03-01,2202.8,,934.7,1268.1,2907.3,5549.2,10.7,,,80.8
1983-04-01,2226.4,,947.0,1279.4,2922.9,5561.3,10.3,,,89.1
1983-05-01,2245.9,,961.6,1284.3,2946.1,5572.5,9.9,,,93.3
1983-06-01,2276.0,,979.3,1296.7,2961.2,5576.8,9.2,,,92.2
1983-07-01,2304.4,,989.7,1314.7,2986.3,5647.0,9.7,,,92.8
1983-08-01,2320.4,,989.4,1331.1,2994.7,5635.9,9.2,,,90.9
1983-09-01,2334.9,,993.3,1341.5,3025.6,5676.2,9.6,,,89.9
1983-10-01,2357.6,,1007.5,1350.1,3059.6,5726.4,9.7,,,89.3
1983-11-01,2366.3,,1012.4,1353.9,3088.1,5775.0,10.3,,,91.1
1983-12-01,2393.6,,1027.5,1366.1,3116.8,5825.9,10.1,,,94.2
1984-01-01,2419.4,,1047.3,1372.0,3140.7,5851.3,9.9,,,100.1
1984-02-01,2403.5,,1030.2,1373.3,3179.4,5884.8,11.6,,,97.4
1984-03-01,2431.6,,1036.1,1395.5,3208.7,5922.6,11.4,,,101.0
1984-04-01,2457.5,,1052.6,1404.9,3241.3,5962.5,11.4,,,96.1
1984-05-01,2474.5,,1061.3,1413.1,3252.3,5971.0,11.0,,,98.1
1984-06-01,2495.6,,1077.0,1418.6,3282.4,6010.3,11.0,,,95.5
1984-07-01,2494.6,,1061.7,1432.9,3301.4,6017.6,11.4,,,96.6
1984-08-01,2512.2,,1061.6,1450.6,3333.2,6058.5,11.7,,,99.1
1984-09-01,2533.8,,1076.6,1457.2,3363.3,6101.7,11.7,,,100.9
1984-10-01,2531.3,,1071.8,1459.5,3361.4,6079.2,11.6,,,96.3
1984-11-01,2571.4,,1095.1,1476.3,3383.8,6105.7,10.7,,,95.7
1984-12-01,2582.6,,1093.0,1489.7,3416.4,6143.3,11.1,,,92.9
1985-01-01,2618.8,,1102.5,1516.2,3429.7,6141.6,10.2,,,96.0
1985-02-01,2640.8,,1110.6,1530.2,3448.3,6085.2,8.9,,,93.7
1985-03-01,2648.5,,1118.0,1530.4,3476.5,6057.8,8.6,,,93.7
1985-04-01,2659.5,,1119.7,1539.8,3475.1,6159.5,9.8,,,94.6
1985-05-01,2696.4,,1138.2,1558.2,3490.9,6310.8,11.0,,,91.8
1985-06-01,2689.4,,1120.1,1569.3,3512.8,6178.9,9.6,,,96.5
1985-07-01,2715.7,,1131.6,1584.1,3526.6,6192.8,9.1,,,94.0
1985-08-01,2752.1,,1151.5,1600.6,3538.1,6189.0,8.1,,,92.4
1985-09-01,2794.7,,1187.8,1606.9,3560.4,6216.2,7.3,,,92.1
1985-10-01,2755.8,,1145.2,1610.6,3583.4,6247.8,9.1,,,88.4
1985-11-01,2771.1,,1156.0,1615.1,3599.4,6258.1,9.0,,,90.9
1985-12-01,2811.3,,1170.1,1641.2,3633.5,6296.4,8.6,,,93.9
1986-01-01,2827.1,,1185.8,1641.3,3647.9,6308.5,8.7,,,95.6
1986-02-01,2820.2,,1166.0,1654.2,3665.9,6341.7,9.3,,,95.9
1986-03-01,2823.6,,1160.8,1662.8,3692.4,6406.5,9.9,,,95.1
1986-04-01,2835.2,,1165.4,1669.8,3697.0,6430.4,9.7,,,96.2
1986-05-01,2857.5,,1182.8,1674.7,3707.8,6435.8,9.3,,,94.8
1986-06-01,2861.7,,1176.0,1685.7,3722.7,6429.8,9.4,,,99.3
1986-07-01,2881.2,,1187.5,1693.7,3741.3,6461.8,9.3,,,97.7
1986-08-01,2898.6,,1202.8,1695.7,3753.9,6469.4,8.9,,,94.9
1986-09-01,2971.8,,1259.9,1711.9,3769.6,6472.9,7.1,,,91.9
1986-10-01,2932.9,,1213.2,1719.7,3777.3,6466.0,8.3,,,95.6
1986-11-01,2928.4,,1195.2,1733.2,3790.1,6466.7,8.6,,,91.4
1986-12-01,2997.1,,1252.0,1745.1,3808.6,6473.8,6.8,,,89.1
1987-01-01,2935.5,,1182.6,1752.9,3820.2,6494.2,9.4,,,90.4
1987-02-01,3001.7,,1232.8,1769.0,3845.0,6525.0,8.2,,,90.2
1987-03-01,3013.3,,1232.3,1781.0,3863.8,6530.5,8.1,,,90.8
1987-04-01,3038.8,,1246.6,1792.2,3875.4,6282.3,4.1,,,92.8
1987-05-01,3048.4,,1246.4,1802.0,3908.6,6537.0,7.8,,,91.1
1987-06-01,3072.8,,1261.2,1811.6,3919.7,6527.6,7.3,,,91.5
1987-07-01,3094.7,,1269.7,1825.0,3942.1,6545.8,7.1,,,93.7
1987-08-01,3130.8,,1291.4,1839.4,3978.6,6574.0,6.8,,,94.4
1987-09-01,3126.5,,1282.5,1844.0,3995.6,6575.3,7.2,,,93.6
1987-10-01,3134.5,,1267.2,1867.3,4034.7,6619.6,7.9,,,89.3
1987-11-01,3144.2,,1273.6,1870.6,4062.1,6648.1,8.2,,,83.1
1987-12-01,3174.1,,1289.4,1884.7,4115.7,6711.5,8.4,,,86.8
1988-01-01,3213.7,,1302.5,1911.3,4128.2,6730.2,7.9,,,90.8
1988-02-01,3221.4,,1301.3,1920.1,4153.0,6773.5,8.4,,,91.6
1988-03-01,3260.5,,1322.7,1937.9,4178.3,6804.3,8.0,,,94.6
1988-04-01,3263.0,,1316.9,1946.1,4209.5,6830.1,8.7,,,91.2
1988-05-01,3293.6,,1329.0,1964.6,4225.9,6841.7,8.3,,,94.8
1988-06-01,3318.5,,1334.3,1984.2,4258.9,6868.5,8.4,,,94.7
1988-07-01,3342.7,,1337.0,2005.7,4298.8,6898.2,8.6,,,93.4
1988-08-01,3368.0,,1341.8,2026.2,4323.0,6918.4,8.4,,,97.4
1988-09-01,3375.0,,1344.7,2030.3,4352.5,6932.4,8.8,,,97.3
1988-10-01,3413.7,,1361.7,2051.9,4391.1,6969.9,8.6,,,94.1
1988-11-01,3430.2,,1369.8,2060.4,4402.5,6971.9,8.4,,,93.0
1988-12-01,3459.7,,1385.9,2073.8,4438.6,7005.2,8.3,,,91.9
1989-01-01,3483.7,,1398.8,2085.0,4501.5,7033.4,8.5,,,97.9
1989-02-01,3488.0,,1381.8,2106.3,4529.6,7052.7,8.9,,,95.4
1989-03-01,3498.8,,1386.4,2112.3,4570.2,7087.1,9.4,,,94.3
1989-04-01,3543.0,,1421.0,2122.0,4582.5,7050.0,8.3,,,91.5
1989-05-01,3551.8,,1417.8,2134.0,4579.4,7017.2,8.0,,,90.7
1989-06-01,3566.6,,1424.5,2142.1,4602.2,7036.7,8.1,,,90.6
1989-07-01,3585.7,,1430.0,2155.7,4628.5,7061.3,8.1,,,92.0
1989-08-01,3620.6,,1453.7,2166.9,4639.1,7080.0,7.5,,,89.6
1989-09-01,3621.9,,1442.1,2179.8,4662.3,7101.4,7.9,,,95.8
1989-10-01,3633.6,,1436.9,2196.7,4703.0,7136.8,8.4,,,93.9
1989-11-01,3643.3,,1438.7,2204.6,4718.1,7144.0,8.5,,,90.9
1989-12-01,3684.2,,1454.1,2230.1,4735.7,7144.7,7.7,,,90.5
1990-01-01,3730.7,,1501.7,2229.0,4783.8,7187.4,7.9,,,93.0
1990-02-01,3728.2,,1481.7,2246.6,4819.8,7203.3,8.5,,,89.5
1990-03-01,3754.9,,1485.3,2269.6,4842.7,7206.1,8.3,,,91.3
1990-04-01,3770.0,,1482.2,2287.8,4883.8,7253.4,8.7,,,93.9
1990-05-01,3775.8,,1472.7,2303.1,4889.5,7245.8,8.7,,,90.6
1990-06-01,3804.5,,1482.9,2321.6,4919.3,7257.3,8.6,,,88.3
1990-07-01,3821.7,,1487.4,2334.3,4948.2,7283.7,8.7,,,88.2
1990-08-01,3848.3,,1493.5,2354.8,4949.9,7239.1,8.1,,,76.4
1990-09-01,3870.1,,1509.1,2361.0,4978.6,7236.8,8.1,,,72.8
1990-10-01,3870.6,,1502.5,2368.1,4966.5,7178.7,7.9,,,63.9
1990-11-01,3871.9,,1506.2,2365.7,4973.5,7181.9,8.0,,,66.0
1990-12-01,3861.3,,1490.5,2370.8,5004.1,7224.7,8.8,,,65.5
1991-01-01,3841.0,,1465.7,2375.3,4990.4,7205.7,9.4,,,66.8
1991-02-01,3866.7,,1477.8,2388.8,4997.1,7216.8,9.0,,,70.4
1991-03-01,3913.0,,1514.0,2399.0,5005.8,7229.1,8.1,,,87.7
1991-04-01,3907.1,,1491.7,2415.4,5034.3,7258.0,8.7,,,81.8
1991-05-01,3933.2,,1500.3,2432.9,5055.9,7259.5,8.5,,,78.3
1991-06-01,3940.5,,1499.1,2441.4,5090.8,7296.7,9.0,,,82.1
1991-07-01,3966.0,,1510.5,2455.5,5087.0,7282.0,8.4,,,82.9
1991-08-01,3969.1,,1506.1,2463.0,5108.4,7298.3,8.7,,,82.0
1991-09-01,3984.7,,1509.5,2475.2,5141.5,7317.7,8.9,,,83.0
1991-10-01,3976.0,,1492.6,2483.5,5157.7,7328.0,9.4,,,78.3
1991-11-01,4003.6,,1500.0,2503.6,5177.0,7338.4,9.1,,,69.1
1991-12-01,4020.5,,1501.9,2518.6,5233.0,7403.6,9.8,,,68.2
1992-01-01,4084.7,,1535.6,2549.1,5264.8,7474.8,9.5,142419.0,115095.0,67.5
1992-02-01,4099.5,,1539.9,2559.7,5303.2,7507.2,9.8,142584.0,114855.0,68.8
1992-03-01,4117.0,,1526.1,2590.9,5323.8,7513.8,9.7,142120.0,114052.0,76.0
1992-04-01,4131.5,,1533.3,2598.2,5357.4,7535.0,9.8,143659.0,114721.0,77.2
1992-05-01,4158.4,,1550.4,2608.0,5392.4,7570.2,9.8,144239.0,114868.0,79.2
1992-06-01,4177.1,,1561.0,2616.1,5424.0,7601.6,10.0,145273.0,115064.0,80.4
1992-07-01,4204.8,,1563.5,2641.3,5437.1,7595.9,9.5,146743.0,115911.0,76.6
1992-08-01,4220.9,,1573.2,2647.7,5465.1,7622.6,9.6,146070.0,115349.0,76.1
1992-09-01,4255.3,,1582.8,2672.5,5452.8,7586.9,8.6,147932.0,116485.0,75.6
1992-10-01,4284.7,,1596.6,2688.1,5444.9,7537.9,7.9,149346.0,117193.0,73.3
1992-11-01,4300.5,,1585.6,2714.9,5467.4,7549.3,7.9,149131.0,116906.0,85.3
1992-12-01,4336.4,,1611.4,2725.0,5676.8,7818.6,10.5,150578.0,117843.0,91.0
1993-01-01,4340.7,,1616.6,2724.1,5534.1,7648.1,8.5,152329.0,118697.0,89.3
1993-02-01,4355.3,,1605.6,2749.7,5568.0,7684.5,8.8,151742.0,117987.0,86.6
1993-03-01,4352.5,,1598.7,2753.8,5565.0,7660.8,8.8,150525.0,117015.0,85.9
1993-04-01,4393.4,,1625.4,2768.0,5621.8,7700.6,8.7,154720.0,119682.0,85.6
1993-05-01,4422.4,,1643.6,2778.7,5637.9,7689.4,8.2,155537.0,119945.0,80.3
1993-06-01,4440.0,,1633.4,2806.5,5632.9,7675.1,7.7,155353.0,119902.0,81.5
1993-07-01,4468.9,,1650.5,2818.5,5660.1,7694.3,7.5,158267.0,121676.0,77.0
1993-08-01,4481.1,,1641.9,2839.2,5682.0,7705.4,7.6,157425.0,121017.0,77.3
1993-09-01,4511.5,,1655.1,2856.4,5675.1,7684.4,6.8,158535.0,121799.0,77.9
1993-10-01,4532.8,,1669.0,2863.7,5669.1,7646.9,6.2,159773.0,121970.0,82.7
1993-11-01,4554.1,,1681.4,2872.7,5694.4,7668.1,6.2,162004.0,123122.0,81.2
1993-12-01,4571.1,,1686.8,2884.3,5893.8,7929.4,9.0,163258.0,123771.0,88.2
1994-01-01,4585.1,,1689.6,2895.6,5779.0,7780.4,7.0,162369.0,122772.0,94.3
1994-02-01,4632.6,,1711.1,2921.5,5798.0,7795.0,6.4,165075.0,124813.0,93.2
1994-03-01,4646.0,,1716.4,2929.6,5829.4,7820.5,6.7,168330.0,126935.0,91.5
1994-04-01,4671.1,,1733.1,2938.0,5890.5,7820.4,6.3,168262.0,126646.0,92.6
1994-05-01,4669.5,,1712.8,2956.7,5911.1,7910.6,7.5,167412.0,125841.0,92.8
1994-06-01,4708.9,,1734.5,2974.4,5917.5,7898.1,6.8,169337.0,126978.0,91.2
1994-07-01,4720.6,,1741.4,2979.3,5946.4,7905.0,6.9,169514.0,126726.0,89.0
1994-08-01,4762.6,,1767.0,2995.7,5968.7,7914.4,6.4,172332.0,128034.0,91.7
1994-09-01,4775.0,,1768.3,3006.7,6001.5,7949.0,6.7,174018.0,128992.0,91.5
1994-10-01,4812.9,,1790.7,3022.2,6065.3,8024.4,7.0,175309.0,129795.0,92.7
1994-11-01,4825.6,,1794.2,3031.4,6075.4,8023.9,6.9,175761.0,129790.0,91.6
1994-12-01,4841.6,,1799.5,3042.1,6108.1,8060.2,7.0,176168.0,129873.0,95.1
1995-01-01,4851.2,,1796.5,3054.7,6148.6,8086.0,7.3,177136.0,130171.0,97.6
1995-02-01,4850.8,,1774.0,3076.7,6173.3,8102.0,7.7,174560.0,127944.0,95.1
1995-03-01,4885.4,,1793.8,3091.6,6200.3,8124.2,7.4,176376.0,129087.0,90.3
1995-04-01,4890.2,,1781.5,3108.7,6223.9,8064.0,6.8,176353.0,128663.0,92.5
1995-05-01,4933.1,,1803.3,3129.8,6238.3,8145.6,7.0,179020.0,130217.0,89.8
1995-06-01,4977.5,,1826.9,3150.6,6267.4,8169.8,6.5,181382.0,131485.0,92.7
1995-07-01,4970.2,,1813.9,3156.3,6296.3,8187.8,6.9,180019.0,130478.0,94.4
1995-08-01,5005.3,,1823.9,3181.4,6319.0,8193.0,6.6,181787.0,131509.0,96.2
1995-09-01,5020.5,,1840.9,3179.6,6347.7,8219.4,6.6,182074.0,131507.0,88.9
1995-10-01,5013.9,,1819.6,3194.3,6373.5,8228.4,7.0,181411.0,130682.0,90.2
1995-11-01,5055.6,,1842.1,3213.4,6394.0,8250.5,6.4,184327.0,132430.0,88.2
1995-12-01,5097.5,,1870.0,3227.5,6417.8,8261.3,6.0,184841.0,132574.0,91.0
1996-01-01,5085.7,,1846.0,3239.8,6453.9,8272.1,6.5,184636.0,131734.0,89.3
1996-02-01,5132.8,,1872.5,3260.3,6517.8,8335.8,6.6,187576.0,133468.0,88.5
1996-03-01,5173.3,,1894.5,3278.8,6560.4,8362.4,6.4,188237.0,133537.0,93.7
1996-04-01,5208.0,,1917.0,3290.9,6597.3,8311.8,5.5,189778.0,134077.0,92.7
1996-05-01,5223.8,,1918.1,3305.7,6637.3,8416.8,6.5,191544.0,135011.0,89.4
1996-06-01,5229.8,,1912.5,3317.3,6681.3,8467.1,6.9,189960.0,133678.0,92.4
1996-07-01,5251.9,,1917.2,3334.7,6681.6,8444.0,6.5,191113.0,134285.0,94.7
1996-08-01,5275.0,,1927.9,3347.1,6709.4,8464.7,6.4,191139.0,134126.0,95.3
1996-09-01,5296.6,,1932.6,3364.0,6747.4,8483.9,6.4,193303.0,135214.0,94.7
1996-10-01,5328.5,,1952.0,3376.4,6768.8,8482.7,6.1,195420.0,136236.0,96.5
1996-11-01,5351.2,,1958.7,3392.5,6802.4,8505.1,6.2,194860.0,135581.0,99.2
1996-12-01,5378.6,,1963.0,3415.6,6836.6,8533.1,6.1,195318.0,135569.0,96.9
1997-01-01,5411.1,,1975.4,3435.7,6884.8,8556.4,5.9,197447.0,136841.0,97.4
1997-02-01,5434.0,,1985.1,3448.9,6920.9,8579.2,6.0,198891.0,137500.0,99.7
1997-03-01,5454.2,,1999.3,3454.9,6960.8,8619.0,6.1,200352.0,138416.0,100.0
1997-04-01,5459.3,,1976.0,3483.3,6972.8,8624.5,6.2,197212.0,136288.0,101.4
1997-05-01,5460.2,,1963.2,3497.0,7001.3,8661.9,6.5,196937.0,136192.0,103.2
1997-06-01,5494.2,,1983.6,3510.6,7035.8,8689.7,6.3,199311.0,137474.0,104.5
1997-07-01,5548.8,,2006.8,3542.0,7071.7,8723.1,5.8,201751.0,139018.0,107.1
1997-08-01,5587.0,,2030.3,3556.7,7119.4,8768.6,5.7,201892.0,138756.0,104.4
1997-09-01,5601.7,,2023.2,3578.5,7158.1,8791.5,5.9,202992.0,139274.0,106.0
1997-10-01,5637.7,,2028.6,3609.1,7205.1,8834.8,5.9,203055.0,138885.0,105.6
1997-11-01,5661.1,,2053.5,3607.6,7257.0,8892.2,6.1,202778.0,138354.0,107.2
1997-12-01,5692.1,,2052.9,3639.2,7300.0,8944.3,6.1,203837.0,139206.0,102.1
1998-01-01,5689.9,,2042.5,3647.4,7368.9,9022.9,7.0,204505.0,139478.0,106.6
1998-02-01,5723.8,,2045.9,3677.9,7416.5,9081.2,7.0,204207.0,139349.0,110.4
1998-03-01,5750.3,,2044.8,3705.5,7464.0,9134.4,7.1,205311.0,140055.0,106.5
1998-04-01,5788.1,,2071.7,3716.4,7501.7,9164.1,6.9,208683.0,142052.0,108.7
1998-05-01,5837.9,,2096.0,3741.9,7547.0,9202.0,6.6,209165.0,142063.0,106.5
1998-06-01,5871.7,,2099.8,3771.9,7584.4,9254.2,6.5,211222.0,143248.0,105.6
1998-07-01,5890.0,,2103.5,3786.4,7616.9,9270.0,6.6,209658.0,141882.0,105.2
1998-08-01,5925.0,,2118.1,3806.9,7656.2,9299.3,6.5,207737.0,140632.0,104.4
1998-09-01,5965.6,,2138.0,3827.6,7678.1,9325.5,6.1,210112.0,142084.0,100.9
1998-10-01,5998.8,,2164.3,3834.5,7708.8,9337.5,5.9,213794.0,144096.0,97.4
1998-11-01,6015.4,,2171.9,3843.5,7745.7,9374.6,6.0,215194.0,144785.0,102.7
1998-12-01,6070.5,,2204.9,3865.7,7771.8,9391.7,5.5,217396.0,146071.0,100.5
1999-01-01,6073.9,,2188.3,3885.5,7813.1,9444.1,6.1,217930.0,145883.0,103.9
1999-02-01,6099.2,,2208.9,3890.3,7840.9,9476.2,6.0,220769.0,147751.0,108.1
1999-03-01,6133.0,,2217.4,3915.6,7855.9,9484.1,5.6,222199.0,148475.0,105.7
1999-04-01,6199.5,,2255.6,3943.9,7871.1,9453.0,4.7,223837.0,148661.0,104.6
1999-05-01,6232.1,,2276.1,3956.0,7894.2,9469.3,4.4,225577.0,149619.0,106.8
1999-06-01,6260.3,,2287.5,3972.8,7925.1,9501.3,4.3,226474.0,150198.0,107.3
1999-07-01,6287.6,,2287.1,4000.5,7965.8,9519.0,4.4,228424.0,150728.0,106.0
1999-08-01,6331.9,,2311.2,4020.7,8016.9,9559.1,4.3,230902.0,151911.0,104.5
1999-09-01,6386.5,,2335.5,4051.0,8041.2,9546.7,3.7,231912.0,151984.0,107.2
1999-10-01,6411.4,,2330.2,4081.2,8102.4,9598.7,4.0,231254.0,151586.0,103.2
1999-11-01,6448.7,,2339.0,4109.7,8165.3,9660.9,4.1,234425.0,153286.0,107.2
1999-12-01,6541.0,,2407.9,4133.2,8251.2,9735.9,3.7,239589.0,155990.0,105.4
2000-01-01,6542.9,,2372.3,4170.6,8348.0,9799.9,4.5,237541.0,154486.0,112.0
2000-02-01,6625.3,,2416.1,4209.1,8408.8,9837.9,4.0,241541.0,156286.0,111.3
2000-03-01,6686.5,,2450.9,4235.7,8468.3,9864.0,3.8,244533.0,157321.0,107.1
2000-04-01,6679.1,,2428.8,4250.2,8506.8,9913.7,4.3,239552.0,154516.0,109.2
2000-05-01,6709.7,,2439.0,4270.7,8544.5,9954.5,4.3,241546.0,155369.0,110.7
2000-06-01,6746.9,,2443.3,4303.6,8597.8,9982.3,4.3,243226.0,155488.0,106.4
2000-07-01,6768.5,,2445.1,4323.4,8665.3,10035.9,4.7,240979.0,153841.0,108.3
2000-08-01,6802.8,,2455.2,4347.6,8712.2,10098.3,4.8,242318.0,154537.0,107.3
2000-09-01,6888.6,,2507.1,4381.5,8757.7,10110.3,4.1,245520.0,155831.0,106.8
2000-10-01,6893.8,,2493.2,4400.6,8792.1,10139.2,4.3,245399.0,155457.0,105.8
2000-11-01,6909.8,,2485.9,4424.0,8809.9,10143.5,4.3,243846.0,154334.0,107.6
2000-12-01,6952.2,,2501.2,4451.0,8844.0,10164.3,4.1,243844.0,153687.0,98.4
2001-01-01,6987.4,,2498.5,4488.9,8940.9,10211.7,4.5,247339.0,155399.0,94.7
2001-02-01,7001.8,,2513.8,4488.0,8975.8,10223.4,4.6,247289.0,154902.0,90.6
2001-03-01,6996.7,,2485.4,4511.3,9009.4,10254.4,4.9,244514.0,153220.0,91.5
2001-04-01,7004.2,,2490.4,4513.8,9008.9,10233.1,4.8,249113.0,155561.0,88.4
2001-05-01,7052.8,,2519.0,4533.8,9011.1,10214.7,4.3,250250.0,155538.0,92.0
2001-06-01,7069.7,,2520.9,4548.8,9017.1,10218.1,4.2,248836.0,154459.0,92.6
2001-07-01,7082.3,,2517.0,4565.3,9014.6,10370.7,5.4,247336.0,153945.0,92.4
2001-08-01,7121.7,,2532.7,4589.0,9001.4,10543.1,6.5,249590.0,155388.0,91.5
2001-09-01,7007.0,,2496.0,4511.0,8975.3,10452.8,6.9,243130.0,150843.0,81.8
2001-10-01,7212.9,,2627.1,4585.8,8987.3,10267.7,2.9,262862.0,162518.0,82.7
2001-11-01,7182.3,,2577.6,4604.8,8985.1,10279.7,3.4,254084.0,157765.0,83.9
2001-12-01,7166.7,,2528.7,4638.1,8990.7,10298.9,3.7,249879.0,155751.0,88.8
2002-01-01,7184.6,,2549.3,4635.3,9015.6,10514.7,5.6,250603.0,155957.0,93.0
2002-02-01,7225.2,,2567.6,4657.5,9031.9,10531.6,5.4,252279.0,156668.0,90.7
2002-03-01,7243.4,,2568.7,4674.7,9050.7,10539.0,5.5,251542.0,155787.0,95.7
2002-04-01,7312.5,,2608.8,4703.6,9099.9,10574.2,5.4,254543.0,156803.0,93.0
2002-05-01,7288.9,,2565.2,4723.7,9131.0,10616.5,6.1,252390.0,155413.0,96.9
2002-06-01,7322.5,,2586.7,4735.8,9164.8,10648.2,6.1,253652.0,156139.0,92.4
2002-07-01,7387.3,,2619.1,4768.2,9157.5,10621.0,5.3,257339.0,157867.0,88.1
2002-08-01,7412.6,,2635.9,4776.6,9175.3,10623.0,5.2,259050.0,158384.0,87.6
2002-09-01,7391.5,,2600.2,4791.3,9197.1,10633.6,5.8,254081.0,155456.0,86.1
2002-10-01,7435.2,,2604.8,4830.4,9229.6,10661.8,5.6,256131.0,156148.0,80.6
2002-11-01,7463.8,,2623.5,4840.3,9258.8,10690.9,5.6,256350.0,156148.0,84.2
2002-12-01,7519.9,,2655.6,4864.3,9288.3,10719.9,5.3,259206.0,157671.0,86.7
2003-01-01,7541.3,,2649.7,4891.6,9290.1,10710.4,5.3,261394.0,158082.0,82.4
2003-02-01,7548.6,,2643.4,4905.3,9296.2,10674.0,5.2,257531.0,155063.0,79.9
2003-03-01,7611.5,,2679.0,4932.6,9333.8,10696.5,4.9,260566.0,156703.0,77.6
2003-04-01,7634.5,,2680.1,4954.4,9356.4,10752.7,5.0,261375.0,157780.0,86.0
2003-05-01,7650.3,,2658.7,4991.7,9414.4,10832.0,5.3,261392.0,158348.0,92.1
2003-06-01,7699.6,,2694.9,5004.6,9455.3,10860.6,5.1,265331.0,160388.0,89.7
2003-07-01,7757.0,,2721.7,5035.3,9491.6,10991.1,5.9,267683.0,161245.0,90.9
2003-08-01,7852.1,,2792.4,5059.7,9538.8,11066.7,5.7,270612.0,162380.0,89.3
2003-09-01,7853.7,,2784.7,5069.0,9582.5,10940.8,4.9,270212.0,161492.0,87.7
2003-10-01,7867.4,,2766.2,5101.2,9620.4,10982.3,5.0,269060.0,161279.0,89.6
2003-11-01,7922.6,,2799.6,5123.0,9688.2,11048.4,5.0,270161.0,161856.0,93.7
2003-12-01,7950.4,,2801.0,5149.4,9713.2,11057.2,5.0,271550.0,162104.0,92.6
2004-01-01,8007.1,,2823.4,5183.7,9731.8,11051.2,4.6,272465.0,162100.0,103.8
2004-02-01,8040.4,,2830.0,5210.4,9765.4,11071.0,4.6,274360.0,162783.0,94.4
2004-03-01,8098.8,,2876.3,5222.5,9815.8,11115.6,4.5,279692.0,165404.0,95.8
2004-04-01,8107.2,,2850.9,5256.3,9865.8,11153.3,4.9,277625.0,164012.0,94.2
2004-05-01,8176.5,,2901.5,5274.9,9950.0,11208.9,4.8,281281.0,165296.0,90.2
2004-06-01,8157.6,,2854.5,5303.1,9988.4,11215.8,5.4,279141.0,163646.0,95.6
2004-07-01,8236.9,,2892.0,5345.0,10033.0,11240.5,4.7,281350.0,164823.0,96.7
2004-08-01,8271.6,,2904.1,5367.5,10078.2,11274.6,4.7,281006.0,164478.0,95.9
2004-09-01,8341.5,,2937.9,5403.5,10110.5,11279.6,4.1,286866.0,167253.0,94.2
2004-10-01,8397.1,,2966.6,5430.4,10159.3,11282.5,3.9,287700.0,166916.0,91.7
2004-11-01,8444.5,,2980.6,5463.9,10171.5,11246.1,3.4,289679.0,167199.0,92.8
2004-12-01,8504.4,,3006.4,5498.0,10520.8,11659.0,6.2,293401.0,169365.0,97.1
2005-01-01,8497.7,,2982.5,5515.2,10247.0,11226.5,2.7,290111.0,167678.0,95.5
2005-02-01,8559.1,,3010.4,5548.7,10282.7,11229.0,2.3,293710.0,169079.0,94.1
2005-03-01,8598.4,,3012.9,5585.5,10347.9,11268.8,2.5,294743.0,168917.0,92.6
2005-04-01,8678.4,,3065.2,5613.2,10412.1,11304.2,2.1,297153.0,169914.0,87.7
2005-05-01,8671.6,,3029.7,5641.9,10464.1,11352.7,2.6,295314.0,169025.0,86.9
2005-06-01,8753.4,,3077.3,5676.1,10498.0,11375.5,2.0,305083.0,174093.0,96.0
2005-07-01,8853.8,,3149.5,5704.3,10558.3,11387.1,1.4,307320.0,174207.0,96.5
2005-08-01,8850.1,,3123.9,5726.2,10619.6,11405.3,2.0,303216.0,171140.0,89.1
2005-09-01,8900.4,,3140.1,5760.3,10687.7,11365.2,2.0,304187.0,169316.0,76.9
2005-10-01,8938.5,,3151.4,5787.1,10767.3,11428.7,2.3,303989.0,169138.0,74.2
2005-11-01,8946.2,,3119.7,5826.5,10815.4,11500.1,2.6,306566.0,171489.0,81.6
2005-12-01,8981.1,,3132.3,5848.8,10853.1,11535.2,2.5,306723.0,171577.0,91.5
2006-01-01,9071.6,,3209.7,5861.9,11038.6,11651.8,3.0,315566.0,175446.0,91.2
2006-02-01,9096.0,,3191.4,5904.6,11102.6,11702.8,3.2,313440.0,174033.0,86.7
2006-03-01,9132.9,,3189.4,5943.4,11171.8,11747.5,3.3,314471.0,174440.0,88.9
2006-04-01,9191.6,,3223.1,5968.5,11229.5,11744.4,3.1,316094.0,174426.0,87.4
2006-05-01,9231.8,,3223.3,6008.5,11251.1,11736.8,2.9,314919.0,173318.0,79.1
2006-06-01,9259.6,,3231.9,6027.8,11292.8,11751.9,2.9,316978.0,173833.0,84.9
2006-07-01,9343.8,,3285.5,6058.3,11322.1,11746.9,2.3,317984.0,173443.0,84.7
2006-08-01,9342.2,,3269.0,6073.2,11346.8,11737.0,2.5,318802.0,173349.0,82.0
2006-09-01,9375.4,,3265.8,6109.5,11383.9,11800.1,2.4,316400.0,173195.0,85.4
2006-10-01,9393.6,,3251.4,6142.2,11417.8,11853.7,2.4,316145.0,173866.0,93.6
2006-11-01,9400.2,,3236.4,6163.8,11479.3,11901.9,2.7,317123.0,174315.0,92.1
2006-12-01,9488.3,,3298.9,6189.3,11587.6,11958.6,2.6,320312.0,175464.0,91.7
2007-01-01,9538.7,11181.0,3299.7,6239.0,11647.1,11956.6,2.4,320305.0,174891.0,96.9
2007-02-01,9566.0,11178.2,3296.0,6269.9,11734.2,11996.0,2.8,321434.0,174584.0,91.3
2007-03-01,9611.7,11190.7,3328.7,6283.1,11821.4,12035.1,3.0,323708.0,175078.0,88.4
2007-04-01,9643.6,11201.5,3332.2,6311.3,11868.1,12052.8,3.0,322878.0,174140.0,87.1
2007-05-01,9685.8,11218.0,3368.0,6317.8,11908.7,12059.9,2.8,327266.0,175611.0,88.3
2007-06-01,9706.8,11218.5,3355.2,6351.6,11929.2,12053.3,2.7,324076.0,173830.0,85.3
2007-07-01,9751.1,11252.6,3375.5,6375.7,11955.7,12066.4,2.6,325455.0,174260.0,90.4
2007-08-01,9798.9,11300.1,3366.9,6432.0,11963.1,12070.9,2.2,327444.0,175125.0,83.4
2007-09-01,9845.1,11309.6,3397.6,6447.4,12025.5,12089.6,2.3,328668.0,175106.0,83.4
2007-10-01,9882.7,11318.6,3406.0,6476.7,12046.8,12080.4,2.2,330544.0,175593.0,80.9
2007-11-01,9955.9,11342.2,3442.7,6513.2,12102.8,12070.1,1.9,334021.0,175862.0,76.1
2007-12-01,9972.8,11335.1,3435.9,6536.9,12182.7,12120.5,2.4,329259.0,173364.0,75.5
2008-01-01,9996.4,11333.2,3421.0,6575.4,12227.8,12137.1,2.6,330478.0,173145.0,78.4
2008-02-01,9981.7,11293.9,3386.8,6594.9,12264.9,12141.8,3.0,327869.0,171203.0,70.8
2008-03-01,10035.3,11322.1,3411.3,6623.9,12314.7,12145.9,2.9,328493.0,171079.0,69.5
2008-04-01,10070.3,11340.5,3415.3,6655.0,12302.6,12100.8,2.4,328037.0,170521.0,62.6
2008-05-01,10132.3,11361.6,3444.4,6687.9,12879.3,12696.2,6.8,331088.0,171116.0,59.8
2008-06-01,10187.1,11340.7,3471.0,6716.1,12661.0,12376.6,4.6,331764.0,169650.0,56.4
2008-07-01,10185.1,11286.0,3456.2,6728.9,12514.8,12188.7,3.6,330301.0,167839.0,61.2
2008-08-01,10175.7,11284.7,3451.2,6724.6,12426.0,12120.6,3.1,327296.0,166725.0,63.0
2008-09-01,10116.4,11209.7,3376.3,6740.1,12445.0,12149.0,3.9,321568.0,164015.0,70.3
2008-10-01,10034.1,11192.5,3289.5,6744.6,12446.5,12240.5,4.9,308968.0,159514.0,57.6
2008-11-01,9885.2,11158.2,3155.4,6729.8,12387.1,12345.9,6.0,295396.0,155990.0,55.3
2008-12-01,9801.5,11125.8,3080.3,6721.2,12238.5,12288.8,5.8,287571.0,153628.0,60.1
2009-01-01,9847.2,11176.3,3133.3,6714.0,12125.6,12361.5,5.9,292449.0,155609.0,61.2
2009-02-01,9824.5,11130.5,3136.4,6688.1,12007.4,12241.9,5.4,291429.0,154381.0,56.3
2009-03-01,9773.2,11084.6,3090.4,6682.8,11965.3,12242.7,5.8,286022.0,151831.0,57.3
2009-04-01,9772.5,11068.0,3098.4,6674.1,12009.4,12320.0,6.5,287530.0,152473.0,65.1
2009-05-01,9791.6,11078.1,3130.6,6661.0,12179.6,12500.1,7.8,290215.0,153510.0,68.7
2009-06-01,9852.4,11081.1,3174.5,6678.0,12042.9,12273.2,6.1,295458.0,154675.0,70.8
2009-07-01,9886.3,11118.1,3195.8,6690.4,11998.4,12218.7,5.4,296928.0,155393.0,66.0
2009-08-01,10004.1,11218.0,3286.9,6717.2,12011.2,12194.8,4.4,302871.0,157621.0,65.7
2009-09-01,9927.8,11114.6,3202.7,6725.2,12061.1,12230.6,5.5,294449.0,153338.0,73.5
2009-10-01,9976.7,11127.1,3222.4,6754.3,12069.4,12193.2,5.1,298067.0,154541.0,70.6
2009-11-01,9985.7,11109.4,3237.1,6748.6,12129.6,12224.4,5.5,300583.0,155280.0,67.4
2009-12-01,10052.6,11177.3,3251.8,6800.8,12188.2,12280.2,5.4,301959.0,155850.0,72.5
2010-01-01,10056.1,11156.8,3247.6,6808.5,12267.7,12285.8,5.6,302325.0,155913.0,74.4
2010-02-01,10093.4,11198.6,3251.8,6841.7,12267.6,12292.0,5.3,302310.0,156286.0,73.6
2010-03-01,10156.0,11252.1,3299.1,6856.9,12330.9,12340.3,5.3,309525.0,159636.0,73.6
2010-04-01,10182.3,11275.1,3303.0,6879.3,12441.8,12447.1,6.0,312143.0,160931.0,72.2
2010-05-01,10210.8,11303.2,3282.9,6927.9,12543.7,12540.3,6.4,309158.0,159629.0,73.6
2010-06-01,10231.3,11330.6,3287.8,6943.5,12550.7,12544.3,6.2,308588.0,159538.0,76.0
2010-07-01,10268.1,11361.7,3293.7,6974.5,12588.7,12554.2,6.1,309543.0,159744.0,67.8
2010-08-01,10307.1,11389.2,3315.9,6991.2,12652.9,12591.4,6.2,310761.0,160235.0,68.9
2010-09-01,10327.1,11399.9,3335.8,6991.3,12673.4,12589.9,6.1,313785.0,161346.0,68.2
2010-10-01,10386.4,11428.9,3377.1,7009.3,12723.6,12592.5,5.9,317699.0,162629.0,67.7
2010-11-01,10433.6,11458.0,3400.9,7032.7,12765.5,12605.1,5.8,320695.0,163691.0,71.6
2010-12-01,10471.0,11473.2,3418.5,7052.5,12873.1,12680.6,6.2,323421.0,164184.0,74.5
2011-01-01,10514.3,11486.0,3450.4,7063.8,13080.7,12740.1,6.6,325674.0,164745.0,74.2
2011-02-01,10540.6,11482.8,3457.2,7083.4,13155.6,12776.6,6.9,328049.0,165605.0,77.5
2011-03-01,10619.7,11522.6,3499.5,7120.3,13178.2,12742.7,6.3,331161.0,166233.0,67.5
2011-04-01,10652.1,11508.9,3521.3,7130.8,13212.8,12721.3,6.3,333189.0,166368.0,69.8
2011-05-01,10672.2,11495.6,3506.3,7165.9,13239.1,12705.3,6.3,332409.0,165701.0,74.3
2011-06-01,10694.8,11522.3,3515.8,7179.0,13295.7,12756.9,6.5,335108.0,167072.0,71.5
2011-07-01,10731.6,11542.3,3516.2,7215.4,13375.8,12805.6,6.7,334922.0,166571.0,63.7
2011-08-01,10750.3,11535.3,3519.1,7231.2,13400.3,12799.7,6.7,335163.0,166232.0,55.8
2011-09-01,10783.2,11554.3,3548.0,7235.2,13401.5,12781.7,6.4,339011.0,167717.0,59.5
2011-10-01,10802.9,11575.1,3561.3,7241.6,13406.4,12791.9,6.3,341058.0,168559.0,60.8
2011-11-01,10806.8,11555.7,3562.6,7244.2,13419.7,12782.7,6.4,342214.0,168783.0,63.7
2011-12-01,10817.8,11560.9,3559.8,7258.1,13548.9,12898.5,7.2,343093.0,168990.0,69.9
2012-01-01,10896.8,11605.5,3600.4,7296.4,13631.6,12967.5,7.4,345656.0,170088.0,75.0
2012-02-01,10987.2,11675.8,3647.2,7340.0,13731.1,13029.6,7.3,350345.0,171818.0,75.3
2012-03-01,10993.9,11660.5,3638.5,7355.4,13798.5,13066.4,7.6,351748.0,172066.0,76.2
2012-04-01,11018.5,11671.4,3638.0,7380.5,13868.1,13116.5,7.9,349722.0,171071.0,76.4
2012-05-01,11006.8,11672.0,3620.0,7386.8,13850.3,13112.5,7.9,349064.0,171121.0,79.3
2012-06-01,10989.8,11659.9,3591.1,7398.8,13837.1,13097.2,7.9,345339.0,169742.0,73.2
2012-07-01,11016.8,11684.4,3595.0,7421.8,13752.9,12999.8,7.0,346936.0,170474.0,72.3
2012-08-01,11056.0,11686.7,3636.9,7419.1,13768.5,12961.6,6.7,351782.0,171593.0,74.3
2012-09-01,11105.3,11703.2,3663.5,7441.8,13914.1,13053.1,7.2,354575.0,172145.0,78.3
2012-10-01,11137.4,11702.3,3665.6,7471.9,14049.2,13142.0,7.8,354747.0,171601.0,82.6
2012-11-01,11178.4,11753.4,3679.3,7499.1,14230.7,13315.7,8.7,356158.0,172847.0,82.7
2012-12-01,11181.2,11758.3,3677.3,7503.9,14581.4,13642.7,10.9,357519.0,173467.0,72.9
2013-01-01,11252.4,11810.6,3736.5,7515.8,13880.4,12845.5,4.9,360257.0,174567.0,73.8
2013-02-01,11290.5,11808.6,3755.9,7534.6,13902.0,12813.9,4.7,365227.0,175635.0,77.6
2013-03-01,11290.1,11823.8,3717.7,7572.4,13932.2,12852.1,4.8,362148.0,174884.0,78.6
2013-04-01,11281.1,11826.4,3696.2,7584.8,13974.9,12893.4,5.1,360499.0,174390.0,76.4
2013-05-01,11321.6,11860.1,3716.2,7605.4,14052.5,12954.2,5.3,362842.0,175373.0,84.5
2013-06-01,11344.4,11857.7,3719.1,7625.3,14083.9,12955.7,5.4,364181.0,175491.0,84.1
2013-07-01,11372.6,11872.3,3742.9,7629.7,14072.0,12941.8,5.2,366243.0,176156.0,85.1
2013-08-01,11406.6,11890.3,3741.1,7665.5,14117.3,12969.6,5.2,365543.0,175490.0,82.1
2013-09-01,11445.9,11926.1,3751.9,7694.0,14181.7,13027.5,5.3,365668.0,175575.0,77.5
2013-10-01,11498.0,11964.6,3760.6,7737.4,14152.3,12974.6,4.7,366444.0,176061.0,73.2
2013-11-01,11562.5,12013.7,3783.2,7779.3,14209.6,12998.9,4.5,366868.0,176233.0,75.1
2013-12-01,11593.2,12024.7,3784.9,7808.2,14266.5,13019.1,4.5,369499.0,176727.0,82.5
2014-01-01,11578.8,11985.0,3766.9,7811.9,14369.2,13079.5,5.2,366684.0,174918.0,81.2
2014-02-01,11636.9,12039.4,3819.7,7817.2,14456.4,13148.0,5.3,371335.0,176923.0,81.6
2014-03-01,11722.3,12108.3,3844.4,7877.9,14555.0,13219.9,5.2,375285.0,178466.0,80.0
2014-04-01,11762.3,12128.1,3873.7,7888.6,14624.5,13270.2,5.4,379432.0,179959.0,84.1
2014-05-01,11807.3,12154.5,3879.8,7927.5,14689.5,13312.9,5.6,379787.0,179916.0,81.9
2014-06-01,11861.7,12197.1,3904.0,7957.7,14760.1,13360.4,5.6,380618.0,180122.0,82.5
2014-07-01,11904.4,12223.6,3914.3,7990.1,14821.1,13386.8,5.5,381045.0,180245.0,81.8
2014-08-01,11983.7,12306.5,3934.1,8049.5,14894.2,13445.9,5.3,384017.0,181664.0,82.5
2014-09-01,11991.4,12310.2,3917.3,8074.1,14951.2,13486.3,5.5,382277.0,181150.0,84.6
2014-10-01,12064.7,12389.1,3936.0,8128.7,15022.7,13550.7,5.4,383323.0,181908.0,86.9
2014-11-01,12083.9,12420.6,3934.8,8149.1,15094.0,13624.4,5.6,384459.0,182761.0,88.8
2014-12-01,12096.1,12455.1,3913.9,8182.2,15170.9,13719.1,6.0,380682.0,182056.0,93.6
2015-01-01,12066.7,12484.7,3867.2,8199.5,15230.8,13797.7,6.3,378518.0,182413.0,98.1
2015-02-01,12116.6,12514.1,3888.3,8228.3,15313.3,13848.0,6.4,377594.0,181489.0,95.4
2015-03-01,12176.1,12551.8,3934.9,8241.2,15314.2,13811.3,5.9,383681.0,183767.0,93.0
2015-04-01,12209.1,12574.8,3933.3,8275.8,15373.5,13842.0,5.9,383893.0,183924.0,95.9
2015-05-01,12275.4,12612.7,3968.9,8306.5,15442.7,13865.6,5.8,387155.0,184752.0,90.7
2015-06-01,12307.9,12621.6,3974.5,8333.4,15479.0,13874.1,5.7,387199.0,184279.0,96.1
2015-07-01,12364.9,12668.4,4001.2,8363.7,15518.6,13905.7,5.6,390953.0,185663.0,93.1
2015-08-01,12396.2,12699.7,4003.4,8392.8,15550.5,13935.8,5.6,390570.0,185625.0,91.9
2015-09-01,12386.4,12707.2,3976.2,8410.2,15570.5,13972.2,5.8,388551.0,185209.0,87.2
2015-10-01,12394.9,12715.9,3954.7,8440.2,15608.0,13996.9,5.8,387066.0,184532.0,90.0
2015-11-01,12423.2,12737.0,3981.5,8441.7,15615.4,13993.4,5.6,388530.0,184988.0,91.3
2015-12-01,12452.0,12777.3,3977.4,8474.6,15668.4,14060.2,5.8,389551.0,185964.0,92.6
2016-01-01,12478.0,12798.7,3959.9,8518.0,15695.5,14121.1,6.1,387483.0,184920.0,92.0
2016-02-01,12554.5,12884.0,3984.1,8570.5,15695.9,14135.3,5.6,390029.0,186705.0,91.7
2016-03-01,12537.0,12836.1,3970.6,8566.4,15731.6,14135.4,5.9,388998.0,185591.0,91.0
2016-04-01,12611.5,12870.2,3999.2,8612.3,15758.9,14106.2,5.5,391112.0,185887.0,89.0
2016-05-01,12652.7,12891.2,4012.5,8640.2,15777.2,14095.5,5.3,392299.0,185964.0,94.7
2016-06-01,12731.2,12948.6,4059.8,8671.5,15821.4,14104.9,4.9,397113.0,187425.0,93.5
2016-07-01,12756.7,12972.2,4041.9,8714.7,15891.5,14160.1,5.1,396545.0,187333.0,90.0
2016-08-01,12788.1,12986.1,4045.6,8742.5,15931.3,14176.7,5.1,396293.0,187053.0,89.8
2016-09-01,12846.6,13020.9,4064.8,8781.9,15999.1,14209.1,5.1,398797.0,187853.0,91.2
2016-10-01,12867.0,13014.9,4077.0,8790.1,16059.4,14235.4,5.3,399637.0,187741.0,87.2
2016-11-01,12893.0,13036.8,4058.4,8834.7,16107.6,14273.6,5.4,398680.0,187539.0,93.8
2016-12-01,13005.9,13128.5,4122.7,8883.2,16182.5,14313.7,5.0,405114.0,189297.0,98.2
2017-01-01,13063.7,13136.3,4136.4,8927.3,16293.3,14373.7,5.3,408269.0,190631.0,98.5
2017-02-01,13088.4,13143.4,4148.0,8940.4,16363.5,14416.8,5.6,408155.0,190276.0,96.3
2017-03-01,13139.9,13201.7,4150.2,8989.7,16415.1,14476.3,5.6,407630.0,190114.0,96.9
2017-04-01,13169.2,13206.1,4169.4,8999.7,16476.0,14509.3,5.7,409134.0,190536.0,97.0
2017-05-01,13171.9,13214.5,4144.6,9027.2,16573.2,14610.7,6.3,406609.0,189650.0,97.1
2017-06-01,13225.2,13256.7,4175.0,9050.2,16604.0,14618.7,6.0,409067.0,190500.0,95.0
2017-07-01,13263.3,13290.1,4175.7,9087.6,16665.9,14660.2,6.0,409113.0,190421.0,93.4
2017-08-01,13294.6,13291.7,4192.3,9102.4,16733.7,14678.3,6.1,409606.0,190070.0,96.8
2017-09-01,13417.3,13364.4,4280.2,9137.1,16841.9,14706.0,5.9,419021.0,193042.0,95.1
2017-10-01,13447.5,13377.0,4272.9,9174.6,16930.8,14748.6,6.0,418999.0,193048.0,100.7
2017-11-01,13540.6,13450.3,4323.9,9216.7,16997.5,14771.1,5.6,423224.0,194493.0,98.5
2017-12-01,13666.1,13555.4,4378.1,9288.0,17058.2,14797.9,5.0,425545.0,195148.0,95.9
2018-01-01,13703.3,13541.3,4385.1,9318.2,17141.7,14886.6,5.7,423202.0,193448.0,95.7
2018-02-01,13738.7,13547.3,4397.6,9341.2,17204.1,14921.1,5.8,425507.0,193978.0,99.7
2018-03-01,13793.2,13586.5,4381.1,9412.1,17268.2,14974.8,5.9,425087.0,193972.0,101.4
2018-04-01,13838.4,13598.7,4387.5,9451.0,17328.7,15007.2,6.0,425899.0,193486.0,98.8
2018-05-01,13905.0,13640.5,4438.1,9466.9,17404.4,15057.8,6.0,432340.0,196163.0,98.0
2018-06-01,13930.4,13653.7,4404.1,9526.3,17488.4,15119.3,6.3,430008.0,195296.0,98.2
2018-07-01,13974.8,13682.7,4418.9,9555.9,17587.6,15184.7,6.5,432070.0,196304.0,97.9
2018-08-01,14014.0,13711.5,4426.1,9587.9,17664.0,15238.6,6.6,432031.0,196074.0,96.2
2018-09-01,14017.8,13687.1,4422.3,9595.5,17693.5,15237.5,6.8,431438.0,194902.0,100.1
2018-10-01,14083.1,13727.1,4441.9,9641.1,17749.8,15274.1,6.7,435894.0,196389.0,98.6
2018-11-01,14162.9,13800.3,4495.8,9667.1,17795.7,15315.2,6.5,438612.0,197492.0,97.5
2018-12-01,14051.6,13682.3,4371.9,9679.7,18012.4,15506.5,8.4,428932.0,193504.0,98.3
2019-01-01,14084.6,13721.7,4399.3,9685.3,18078.6,15536.3,8.4,430246.0,194187.0,91.2
2019-02-01,14117.4,13728.5,4409.2,9708.2,18152.9,15560.4,8.5,431194.0,194123.0,93.8
2019-03-01,14248.6,13824.8,4481.7,9766.9,18226.6,15566.5,7.9,438196.0,196358.0,98.4
2019-04-01,14290.0,13825.9,4498.8,9791.2,18266.8,15534.2,7.6,437735.0,195642.0,97.2
2019-05-01,14353.3,13877.1,4536.8,9816.5,18286.9,15532.4,7.3,442514.0,197708.0,100.0
2019-06-01,14408.7,13924.1,4548.4,9860.2,18324.3,15562.1,7.1,442116.0,197972.0,98.2
2019-07-01,14496.0,13989.9,4574.3,9921.7,18342.4,15581.4,6.8,445304.0,199018.0,98.4
2019-08-01,14558.2,14043.6,4581.4,9976.8,18432.4,15664.3,6.9,448519.0,200191.0,89.8
2019-09-01,14590.6,14066.2,4572.9,10017.8,18477.3,15697.5,7.0,444555.0,198605.0,93.2
2019-10-01,14617.4,14067.2,4565.8,10051.6,18546.3,15718.1,7.1,445627.0,198576.0,95.5
2019-11-01,14711.0,14142.8,4603.4,10107.6,18629.5,15766.9,6.9,449040.0,199402.0,96.8
2019-12-01,14774.8,14165.7,4621.8,10153.0,18594.0,15683.8,6.2,449643.0,199461.0,99.3
2020-01-01,14868.3,14230.7,4610.4,10257.9,18808.1,15842.8,6.8,447774.0,198790.0,99.8
2020-02-01,14828.1,14181.4,4606.0,10222.2,18904.6,15900.3,7.5,447972.0,198777.0,101.0
2020-03-01,13812.8,13249.1,4479.6,9333.2,18591.4,15702.3,12.4,420954.0,181467.0,89.1
2020-04-01,12249.2,11798.6,3916.6,8332.6,20752.1,18015.3,31.8,370296.0,156632.0,71.8
2020-05-01,13281.5,12780.5,4501.7,8779.9,19893.3,17110.0,22.6,437957.0,187039.0,72.3
2020-06-01,14049.2,13476.8,4779.8,9269.4,19949.4,17050.2,18.3,465800.0,201538.0,78.1
2020-07-01,14307.2,13683.5,4881.2,9426.1,20199.6,17202.9,17.9,471873.0,203716.0,72.5
2020-08-01,14462.2,13793.0,4895.5,9566.7,19597.4,16542.0,13.9,473696.0,204667.0,74.1
2020-09-01,14668.1,13964.6,4957.6,9710.5,19758.2,16633.7,13.3,482702.0,208195.0,80.4
2020-10-01,14725.8,14007.1,4943.4,9782.3,19763.6,16573.6,12.8,480763.0,207097.0,81.8
2020-11-01,14701.6,13970.3,4928.0,9773.7,19620.7,16381.8,12.0,478079.0,204645.0,76.9
2020-12-01,14822.0,14026.7,5003.8,9818.2,19741.5,16397.7,11.8,485949.0,205517.0,80.7
2021-01-01,15073.0,14204.7,5147.3,9925.7,21826.1,18194.0,19.5,501604.0,212888.0,79.0
2021-02-01,14983.5,14074.1,5039.4,9944.1,20313.1,16697.3,13.0,488805.0,206728.0,76.8
2021-03-01,15709.7,14680.0,5516.6,10193.1,24535.1,20520.0,26.2,539607.0,227800.0,84.9
2021-04-01,15917.5,14796.0,5570.6,10346.9,21372.5,17420.7,12.4,542199.0,228405.0,88.3
2021-05-01,15973.5,14771.4,5500.1,10473.4,20970.3,16922.4,10.0,536589.0,225529.0,82.9
2021-06-01,16191.7,14892.6,5562.6,10629.1,21008.4,16838.1,8.8,540152.0,226100.0,85.5
2021-07-01,16239.7,14869.0,5461.2,10778.5,21234.4,16949.3,9.5,528600.0,221335.0,81.2
2021-08-01,16412.9,14970.2,5529.5,10883.4,21285.2,16917.1,8.7,532477.0,222071.0,70.3
2021-09-01,16489.6,14990.6,5543.9,10945.7,21164.2,16728.5,7.6,536651.0,222581.0,72.8
2021-10-01,16704.2,15085.5,5672.3,11031.9,21330.9,16733.5,7.0,545361.0,223675.0,71.7
2021-11-01,16849.8,15115.9,5733.6,11116.2,21439.1,16686.4,6.6,551082.0,224034.0,67.4
2021-12-01,16891.0,15059.2,5716.2,11174.8,21507.6,16610.8,6.6,547277.0,220740.0,70.6
2022-01-01,16993.8,15067.8,5802.3,11191.5,21503.8,16206.1,4.2,560257.0,223509.0,67.2
2022-02-01,17106.0,15077.9,5806.9,11299.1,21649.2,16207.6,4.1,563777.0,224289.0,62.8
2022-03-01,17347.2,15156.8,5920.7,11426.5,21747.5,16127.2,3.2,574485.0,226307.0,59.4
2022-04-01,17490.0,15235.4,5952.8,11537.2,21821.7,16125.5,2.6,580943.0,228788.0,65.2
2022-05-01,17574.5,15214.1,5955.4,11619.1,21907.2,16103.0,2.6,579844.0,226520.0,58.4
2022-06-01,17755.2,15223.6,6034.1,11721.1,22011.1,16062.9,2.2,585556.0,225834.0,50.0
2022-07-01,17770.1,15237.1,5965.7,11804.4,22218.4,16270.4,3.3,579267.0,223642.0,51.5
2022-08-01,17916.5,15319.8,5986.6,11929.8,22357.1,16367.3,3.2,581196.0,224864.0,58.2
2022-09-01,17992.8,15330.5,5981.0,12011.9,22487.0,16423.8,3.4,579446.0,223336.0,58.6
2022-10-01,18109.6,15358.1,6029.2,12080.4,22636.4,16476.3,3.4,585006.0,224381.0,59.9
2022-11-01,18108.0,15317.1,5944.3,12163.8,22705.7,16502.7,3.8,576356.0,220712.0,56.7
2022-12-01,18116.5,15303.6,5885.0,12231.5,22800.5,16578.2,4.2,569119.0,218103.0,59.8
2023-01-01,18449.1,15501.5,6094.4,12354.7,22965.0,16906.9,4.9,591964.0,226434.0,64.9
2023-02-01,18491.6,15491.8,6089.1,12402.5,23113.0,16998.2,5.5,586165.0,222973.0,66.9
2023-03-01,18520.4,15494.0,6021.7,12498.7,23248.0,17098.8,6.0,578812.0,220353.0,62.0
2023-04-01,18641.8,15541.8,6087.0,12554.7,23359.9,17135.3,5.8,583874.0,221398.0,63.7
2023-05-01,18664.6,15535.2,6064.5,12600.1,23468.5,17196.7,6.1,586286.0,222165.0,59.0
2023-06-01,18773.0,15584.1,6086.7,12686.3,23556.2,17216.3,5.8,588670.0,222726.0,64.2
2023-07-01,18884.2,15658.4,6110.5,12773.7,23635.2,17250.6,5.5,589257.0,222720.0,71.5
2023-08-01,18953.3,15668.6,6159.3,12794.0,23737.7,17275.3,5.6,595191.0,223716.0,69.4
2023-09-01,19048.1,15688.7,6180.0,12868.1,23833.1,17282.2,5.3,598956.0,224360.0,67.8
2023-10-01,19109.4,15730.9,6174.2,12935.2,23919.7,17341.3,5.4,595517.0,222995.0,63.8
2023-11-01,19178.9,15786.9,6150.1,13028.8,24038.2,17427.1,5.6,593567.0,222402.0,61.3
2023-12-01,19283.5,15851.3,6170.6,13113.0,24145.9,17481.7,5.6,594256.0,222282.0,69.7
2024-01-01,19303.3,15793.7,6095.0,13208.2,24363.4,17575.4,6.4,588944.0,219716.0,79.0
2024-02-01,19446.5,15863.1,6128.8,13317.6,24475.0,17596.2,6.1,593206.0,220371.0,76.9
2024-03-01,19581.8,15916.3,6185.1,13396.7,24597.8,17617.0,5.9,595969.0,220154.0,79.4
2024-04-01,19665.7,15945.2,6200.2,13465.6,24690.5,17638.6,5.8,595676.0,219665.0,77.2
2024-05-01,19758.0,16019.2,6236.3,13521.7,24807.7,17713.3,5.8,600372.0,221210.0,69.1
2024-06-01,19844.5,16064.4,6236.7,13607.9,24904.1,17751.1,5.7,599979.0,221199.0,68.2
2024-07-01,19949.5,16123.8,6285.0,13664.6,24950.8,17743.2,5.3,605814.0,222865.0,66.4
2024-08-01,20001.3,16145.7,6259.5,13741.8,25013.0,17752.9,5.2,603601.0,221943.0,67.9
2024-09-01,20147.6,16227.8,6330.2,13817.4,25101.3,17769.9,4.8,608774.0,223382.0,70.1
2024-10-01,20226.0,16247.7,6334.7,13891.4,25226.6,17810.5,5.0,612772.0,224404.0,70.5
2024-11-01,20313.6,16299.5,6370.7,13942.9,25322.1,17851.4,4.9,616344.0,224894.0,71.8
2024-12-01,20514.3,16415.5,6476.2,14038.0,25418.6,17867.9,4.3,621713.0,225836.0,74.0
2025-01-01,20462.2,16316.5,6383.1,14079.1,25570.5,17889.8,5.1,614980.0,222941.0,71.7
2025-02-01,20519.8,16297.0,6418.4,14101.4,25705.4,17910.5,5.2,616714.0,222647.0,64.7
2025-03-01,20683.0,16423.9,6495.4,14187.5,25877.3,18029.1,5.1,625121.0,225956.0,57.0
2025-04-01,20746.4,16446.9,6487.8,14258.6,26061.1,18132.9,5.5,623521.0,225346.0,52.2
2025-05-01,20755.0,16423.9,6437.2,14317.8,25925.8,17980.9,4.9,618037.0,223349.0,52.2
2025-06-01,20868.4,16466.3,6488.3,14380.0,25975.7,17962.1,4.6,624146.0,224939.0,60.7
2025-07-01,21007.3,16547.5,6521.6,14485.7,26149.6,18040.9,4.5,628747.0,225884.0,61.7
2025-08-01,21123.8,16595.8,6555.6,14568.2,26278.1,18076.9,4.4,632149.0,226329.0,58.2
2025-09-01,21202.4,16614.3,6559.7,14642.7,26381.0,18094.6,4.3,632395.0,225814.0,55.1
2025-10-01,21287.7,16648.7,6560.9,14726.8,26411.3,18066.6,4.0,631346.0,,53.6
2025-11-01,21361.0,16669.2,6592.9,14768.1,26507.3,18088.0,4.0,634477.0,226023.0,51.0
2025-12-01,21455.5,16683.2,6597.6,14857.9,26585.1,18082.4,4.0,634673.0,225342.0,52.9
2026-01-01,21536.6,16700.2,6573.0,14963.6,26698.9,18203.2,4.5,633709.0,224606.0,56.4
