date,Fed Funds Effective Rate,1-Month Treasury,3-Month Treasury,6-Month Treasury,1-Year Treasury,2-Year Treasury,5-Year Treasury,10-Year Treasury,30-Year Treasury
1953-04-01,,,,,2.36,,2.62,2.83,
1953-05-01,,,,,2.48,,2.87,3.05,
1953-06-01,,,,,2.45,,2.94,3.11,
1953-07-01,,,,,2.38,,2.75,2.93,
1953-08-01,,,,,2.28,,2.8,2.95,
1953-09-01,,,,,2.2,,2.71,2.87,
1953-10-01,,,,,1.79,,2.43,2.66,
1953-11-01,,,,,1.67,,2.42,2.68,
1953-12-01,,,,,1.66,,2.32,2.59,
1954-01-01,,,,,1.41,,2.17,2.48,
1954-02-01,,,,,1.14,,2.04,2.47,
1954-03-01,,,,,1.13,,1.93,2.37,
1954-04-01,,,,,0.96,,1.87,2.29,
1954-05-01,,,,,0.85,,1.92,2.37,
1954-06-01,,,,,0.82,,1.92,2.38,
1954-07-01,0.8,,,,0.84,,1.85,2.3,
1954-08-01,1.22,,,,0.88,,1.9,2.36,
1954-09-01,1.07,,,,1.03,,1.96,2.38,
1954-10-01,0.85,,,,1.17,,2.02,2.43,
1954-11-01,0.83,,,,1.14,,2.09,2.48,
1954-12-01,1.28,,,,1.21,,2.16,2.51,
1955-01-01,1.39,,,,1.39,,2.32,2.61,
1955-02-01,1.29,,,,1.57,,2.38,2.65,
1955-03-01,1.35,,,,1.59,,2.48,2.68,
1955-04-01,1.43,,,,1.75,,2.55,2.75,
1955-05-01,1.43,,,,1.9,,2.56,2.76,
1955-06-01,1.64,,,,1.91,,2.59,2.78,
1955-07-01,1.68,,,,2.02,,2.72,2.9,
1955-08-01,1.96,,,,2.37,,2.86,2.97,
1955-09-01,2.18,,,,2.36,,2.85,2.97,
1955-10-01,2.24,,,,2.39,,2.76,2.88,
1955-11-01,2.35,,,,2.48,,2.81,2.89,
1955-12-01,2.48,,,,2.73,,2.93,2.96,
1956-01-01,2.45,,,,2.58,,2.84,2.9,
1956-02-01,2.5,,,,2.49,,2.74,2.84,
1956-03-01,2.5,,,,2.61,,2.93,2.96,
1956-04-01,2.62,,,,2.92,,3.2,3.18,
1956-05-01,2.75,,,,2.94,,3.08,3.07,
1956-06-01,2.71,,,,2.74,,2.97,3.0,
1956-07-01,2.75,,,,2.76,,3.12,3.11,
1956-08-01,2.73,,,,3.1,,3.41,3.33,
1956-09-01,2.95,,,,3.35,,3.47,3.38,
1956-10-01,2.96,,,,3.28,,3.4,3.34,
1956-11-01,2.88,,,,3.44,,3.56,3.49,
1956-12-01,2.94,,,,3.68,,3.7,3.59,
1957-01-01,2.84,,,,3.37,,3.47,3.46,
1957-02-01,3.0,,,,3.38,,3.39,3.34,
1957-03-01,2.96,,,,3.42,,3.46,3.41,
1957-04-01,3.0,,,,3.49,,3.53,3.48,
1957-05-01,3.0,,,,3.48,,3.64,3.6,
1957-06-01,3.0,,,,3.65,,3.83,3.8,
1957-07-01,2.99,,,,3.81,,4.0,3.93,
1957-08-01,3.24,,,,4.01,,4.0,3.93,
1957-09-01,3.47,,,,4.07,,4.03,3.92,
1957-10-01,3.5,,,,4.01,,4.08,3.97,
1957-11-01,3.28,,,,3.57,,3.72,3.72,
1957-12-01,2.98,,,,3.18,,3.08,3.21,
1958-01-01,2.72,,,,2.65,,2.88,3.09,
1958-02-01,1.67,,,,1.99,,2.78,3.05,
1958-03-01,1.2,,,,1.84,,2.64,2.98,
1958-04-01,1.26,,,,1.45,,2.46,2.88,
1958-05-01,0.63,,,,1.37,,2.41,2.92,
1958-06-01,0.93,,,,1.23,,2.46,2.97,
1958-07-01,0.68,,,,1.61,,2.77,3.2,
1958-08-01,1.53,,,,2.5,,3.29,3.54,
1958-09-01,1.76,,,,3.05,,3.69,3.76,
1958-10-01,1.8,,,,3.19,,3.78,3.8,
1958-11-01,2.27,,,,3.1,,3.7,3.74,
1958-12-01,2.42,,,,3.29,,3.82,3.86,
1959-01-01,2.48,,,,3.36,,4.01,4.02,
1959-02-01,2.43,,,,3.54,,3.96,3.96,
1959-03-01,2.8,,,,3.61,,3.99,3.99,
1959-04-01,2.96,,,,3.72,,4.12,4.12,
1959-05-01,2.9,,,,3.96,,4.35,4.31,
1959-06-01,3.39,,,,4.07,,4.5,4.34,
1959-07-01,3.47,,,,4.39,,4.58,4.4,
1959-08-01,3.5,,,,4.42,,4.57,4.43,
1959-09-01,3.76,,,,5.0,,4.9,4.68,
1959-10-01,3.98,,,,4.8,,4.72,4.53,
1959-11-01,4.0,,,,4.81,,4.75,4.53,
1959-12-01,3.99,,,,5.14,,5.01,4.69,
1960-01-01,3.99,,,,5.03,,4.92,4.72,
1960-02-01,3.97,,,,4.66,,4.69,4.49,
1960-03-01,3.84,,,,4.02,,4.31,4.25,
1960-04-01,3.92,,,,4.04,,4.29,4.28,
1960-05-01,3.85,,,,4.21,,4.49,4.35,
1960-06-01,3.32,,,,3.36,,4.12,4.15,
1960-07-01,3.23,,,,3.2,,3.79,3.9,
1960-08-01,2.98,,,,2.95,,3.62,3.8,
1960-09-01,2.6,,,,3.07,,3.61,3.8,
1960-10-01,2.47,,,,3.04,,3.76,3.89,
1960-11-01,2.44,,,,3.08,,3.81,3.93,
1960-12-01,1.98,,,,2.86,,3.67,3.84,
1961-01-01,1.45,,,,2.81,,3.67,3.84,
1961-02-01,2.54,,,,2.93,,3.66,3.78,
1961-03-01,2.02,,,,2.88,,3.6,3.74,
1961-04-01,1.49,,,,2.88,,3.57,3.78,
1961-05-01,1.98,,,,2.87,,3.47,3.71,
1961-06-01,1.73,,,,3.06,,3.81,3.88,
1961-07-01,1.17,,,,2.92,,3.84,3.92,
1961-08-01,2.0,,,,3.06,,3.96,4.04,
1961-09-01,1.88,,,,3.06,,3.9,3.98,
1961-10-01,2.26,,,,3.05,,3.8,3.92,
1961-11-01,2.61,,,,3.07,,3.82,3.94,
1961-12-01,2.33,,,,3.18,,3.91,4.06,
1962-01-01,2.15,,,,3.28,,3.94,4.08,
1962-02-01,2.37,,,,3.28,,3.89,4.04,
1962-03-01,2.85,,,,3.06,,3.68,3.93,
1962-04-01,2.78,,,,2.99,,3.6,3.84,
1962-05-01,2.36,,,,3.03,,3.66,3.87,
1962-06-01,2.68,,,,3.03,,3.64,3.91,
1962-07-01,2.71,,,,3.29,,3.8,4.01,
1962-08-01,2.93,,,,3.2,,3.71,3.98,
1962-09-01,2.9,,,,3.06,,3.7,3.98,
1962-10-01,2.9,,,,2.98,,3.64,3.93,
1962-11-01,2.94,,,,3.0,,3.6,3.92,
1962-12-01,2.93,,,,3.01,,3.56,3.86,
1963-01-01,2.92,,,,3.04,,3.58,3.83,
1963-02-01,3.0,,,,3.01,,3.66,3.92,
1963-03-01,2.98,,,,3.03,,3.68,3.93,
1963-04-01,2.9,,,,3.11,,3.74,3.97,
1963-05-01,3.0,,,,3.12,,3.72,3.93,
1963-06-01,2.99,,,,3.2,,3.81,3.99,
1963-07-01,3.02,,,,3.48,,3.89,4.02,
1963-08-01,3.49,,,,3.53,,3.89,4.0,
1963-09-01,3.48,,,,3.57,,3.96,4.08,
1963-10-01,3.5,,,,3.64,,3.97,4.11,
1963-11-01,3.48,,,,3.74,,4.01,4.12,
1963-12-01,3.38,,,,3.81,,4.04,4.13,
1964-01-01,3.48,,,,3.79,,4.07,4.17,
1964-02-01,3.48,,,,3.78,,4.03,4.15,
1964-03-01,3.43,,,,3.91,,4.14,4.22,
1964-04-01,3.47,,,,3.91,,4.15,4.23,
1964-05-01,3.5,,,,3.84,,4.05,4.2,
1964-06-01,3.5,,,,3.83,,4.02,4.17,
1964-07-01,3.42,,,,3.72,,4.03,4.19,
1964-08-01,3.5,,,,3.74,,4.05,4.19,
1964-09-01,3.45,,,,3.84,,4.08,4.2,
1964-10-01,3.36,,,,3.86,,4.07,4.19,
1964-11-01,3.52,,,,3.91,,4.04,4.15,
1964-12-01,3.85,,,,4.02,,4.09,4.18,
1965-01-01,3.9,,,,3.94,,4.1,4.19,
1965-02-01,3.98,,,,4.03,,4.15,4.21,
1965-03-01,4.05,,,,4.06,,4.15,4.21,
1965-04-01,4.09,,,,4.04,,4.15,4.2,
1965-05-01,4.1,,,,4.03,,4.15,4.21,
1965-06-01,4.05,,,,3.99,,4.15,4.21,
1965-07-01,4.09,,,,3.98,,4.15,4.2,
1965-08-01,4.12,,,,4.07,,4.2,4.25,
1965-09-01,4.02,,,,4.2,,4.25,4.29,
1965-10-01,4.08,,,,4.3,,4.34,4.35,
1965-11-01,4.1,,,,4.37,,4.46,4.45,
1965-12-01,4.32,,,,4.72,,4.72,4.62,
1966-01-01,4.42,,,,4.88,,4.86,4.61,
1966-02-01,4.6,,,,4.94,,4.98,4.83,
1966-03-01,4.66,,,,4.97,,4.92,4.87,
1966-04-01,4.67,,,,4.9,,4.83,4.75,
1966-05-01,4.9,,,,4.93,,4.89,4.78,
1966-06-01,5.17,,,,4.97,,4.97,4.81,
1966-07-01,5.3,,,,5.17,,5.17,5.02,
1966-08-01,5.53,,,,5.54,,5.5,5.22,
1966-09-01,5.4,,,,5.82,,5.5,5.18,
1966-10-01,5.53,,,,5.58,,5.27,5.01,
1966-11-01,5.76,,,,5.54,,5.36,5.16,
1966-12-01,5.4,,,,5.2,,5.0,4.84,
1967-01-01,4.94,,,,4.75,,4.7,4.58,
1967-02-01,5.0,,,,4.71,,4.74,4.63,
1967-03-01,4.53,,,,4.35,,4.54,4.54,
1967-04-01,4.05,,,,4.11,,4.51,4.59,
1967-05-01,3.94,,,,4.15,,4.75,4.85,
1967-06-01,3.98,,,,4.48,,5.01,5.02,
1967-07-01,3.79,,,,5.01,,5.23,5.16,
1967-08-01,3.9,,,,5.13,,5.31,5.28,
1967-09-01,3.99,,,,5.24,,5.4,5.3,
1967-10-01,3.88,,,,5.37,,5.57,5.48,
1967-11-01,4.13,,,,5.61,,5.78,5.75,
1967-12-01,4.51,,,,5.71,,5.75,5.7,
1968-01-01,4.61,,,,5.43,,5.54,5.53,
1968-02-01,4.71,,,,5.41,,5.59,5.56,
1968-03-01,5.05,,,,5.58,,5.76,5.74,
1968-04-01,5.76,,,,5.71,,5.69,5.64,
1968-05-01,6.12,,,,6.14,,6.04,5.87,
1968-06-01,6.07,,,,5.98,,5.85,5.72,
1968-07-01,6.03,,,,5.65,,5.6,5.5,
1968-08-01,6.03,,,,5.43,,5.5,5.42,
1968-09-01,5.78,,,,5.45,,5.48,5.46,
1968-10-01,5.91,,,,5.57,,5.55,5.58,
1968-11-01,5.82,,,,5.75,,5.66,5.7,
1968-12-01,6.02,,,,6.19,,6.12,6.03,
1969-01-01,6.3,,,,6.34,,6.25,6.04,
1969-02-01,6.61,,,,6.41,,6.34,6.19,
1969-03-01,6.79,,,,6.34,,6.41,6.3,
1969-04-01,7.41,,,,6.26,,6.3,6.17,
1969-05-01,8.67,,,,6.42,,6.54,6.32,
1969-06-01,8.9,,,,7.04,,6.75,6.57,
1969-07-01,8.61,,,,7.6,,7.01,6.72,
1969-08-01,9.19,,,,7.54,,7.03,6.69,
1969-09-01,9.15,,,,7.82,,7.57,7.16,
1969-10-01,9.0,,,,7.64,,7.51,7.1,
1969-11-01,8.85,,,,7.89,,7.53,7.14,
1969-12-01,8.97,,,,8.17,,7.96,7.65,
1970-01-01,8.98,,,,8.1,,8.17,7.79,
1970-02-01,8.98,,,,7.59,,7.82,7.24,
1970-03-01,7.76,,,,6.97,,7.21,7.07,
1970-04-01,8.1,,,,7.06,,7.5,7.39,
1970-05-01,7.95,,,,7.75,,7.97,7.91,
1970-06-01,7.61,,,,7.55,,7.85,7.84,
1970-07-01,7.21,,,,7.1,,7.59,7.46,
1970-08-01,6.62,,,,6.98,,7.57,7.53,
1970-09-01,6.29,,,,6.73,,7.29,7.39,
1970-10-01,6.2,,,,6.43,,7.12,7.33,
1970-11-01,5.6,,,,5.51,,6.47,6.84,
1970-12-01,4.9,,,,5.0,,5.95,6.39,
1971-01-01,4.14,,,,4.57,,5.89,6.24,
1971-02-01,3.72,,,,3.89,,5.56,6.11,
1971-03-01,3.71,,,,3.69,,5.0,5.7,
1971-04-01,4.16,,,,4.3,,5.65,5.83,
1971-05-01,4.63,,,,5.04,,6.28,6.39,
1971-06-01,4.91,,,,5.64,,6.53,6.52,
1971-07-01,5.31,,,,6.04,,6.85,6.73,
1971-08-01,5.57,,,,5.8,,6.55,6.58,
1971-09-01,5.55,,,,5.41,,6.14,6.14,
1971-10-01,5.2,,,,4.91,,5.93,5.93,
1971-11-01,4.91,,,,4.67,,5.78,5.81,
1971-12-01,4.14,,,,4.6,,5.69,5.93,
1972-01-01,3.51,,,,4.28,,5.59,5.95,
1972-02-01,3.3,,,,4.27,,5.69,6.08,
1972-03-01,3.83,,,,4.67,,5.87,6.07,
1972-04-01,4.17,,,,4.96,,6.17,6.19,
1972-05-01,4.27,,,,4.64,,5.85,6.13,
1972-06-01,4.46,,,,4.93,,5.91,6.11,
1972-07-01,4.55,,,,4.96,,5.97,6.11,
1972-08-01,4.81,,,,4.98,,6.02,6.21,
1972-09-01,4.87,,,,5.52,,6.25,6.55,
1972-10-01,5.05,,,,5.52,,6.18,6.48,
1972-11-01,5.06,,,,5.27,,6.12,6.28,
1972-12-01,5.33,,,,5.52,,6.16,6.36,
1973-01-01,5.94,,,,5.89,,6.34,6.46,
1973-02-01,6.58,,,,6.19,,6.6,6.64,
1973-03-01,7.09,,,,6.85,,6.8,6.71,
1973-04-01,7.12,,,,6.85,,6.67,6.67,
1973-05-01,7.84,,,,6.89,,6.8,6.85,
1973-06-01,8.49,,,,7.31,,6.69,6.9,
1973-07-01,10.4,,,,8.39,,7.33,7.13,
1973-08-01,10.5,,,,8.82,,7.63,7.4,
1973-09-01,10.78,,,,8.31,,7.05,7.09,
1973-10-01,10.01,,,,7.4,,6.77,6.79,
1973-11-01,10.03,,,,7.57,,6.92,6.73,
1973-12-01,9.95,,,,7.27,,6.8,6.74,
1974-01-01,9.65,,,,7.42,,6.95,6.99,
1974-02-01,8.97,,,,6.88,,6.82,6.96,
1974-03-01,9.35,,,,7.76,,7.31,7.21,
1974-04-01,10.51,,,,8.62,,7.92,7.51,
1974-05-01,11.31,,,,8.78,,8.18,7.58,
1974-06-01,11.93,,,,8.67,,8.1,7.54,
1974-07-01,12.92,,,,8.8,,8.38,7.81,
1974-08-01,12.01,,,,9.36,,8.63,8.04,
1974-09-01,11.34,,,,8.87,,8.37,8.04,
1974-10-01,10.06,,,,8.05,,7.97,7.9,
1974-11-01,9.45,,,,7.66,,7.68,7.68,
1974-12-01,8.53,,,,7.31,,7.31,7.43,
1975-01-01,7.13,,,,6.83,,7.41,7.5,
1975-02-01,6.24,,,,5.98,,7.11,7.39,
1975-03-01,5.54,,,,6.11,,7.3,7.73,
1975-04-01,5.49,,,,6.9,,7.99,8.23,
1975-05-01,5.22,,,,6.39,,7.72,8.06,
1975-06-01,5.55,,,,6.29,,7.51,7.86,
1975-07-01,6.1,,,,7.11,,7.92,8.06,
1975-08-01,6.14,,,,7.7,,8.33,8.4,
1975-09-01,6.24,,,,7.75,,8.37,8.43,
1975-10-01,5.82,,,,6.95,,7.97,8.14,
1975-11-01,5.22,,,,6.49,,7.8,8.05,
1975-12-01,5.2,,,,6.6,,7.76,8.0,
1976-01-01,4.87,,,,5.81,,7.46,7.74,
1976-02-01,4.77,,,,5.91,,7.45,7.79,
1976-03-01,4.84,,,,6.21,,7.49,7.73,
1976-04-01,4.82,,,,5.92,,7.25,7.56,
1976-05-01,5.29,,,,6.4,,7.59,7.9,
1976-06-01,5.48,,,,6.52,7.06,7.61,7.86,
1976-07-01,5.31,,,,6.2,6.85,7.49,7.83,
1976-08-01,5.29,,,,6.0,6.63,7.31,7.77,
1976-09-01,5.25,,,,5.84,6.42,7.13,7.59,
1976-10-01,5.02,,,,5.5,5.98,6.75,7.41,
1976-11-01,4.95,,,,5.29,5.81,6.52,7.29,
1976-12-01,4.65,,,,4.89,5.38,6.1,6.87,
1977-01-01,4.61,,,,5.29,5.9,6.58,7.21,
1977-02-01,4.68,,,,5.47,6.09,6.83,7.39,7.75
1977-03-01,4.69,,,,5.5,6.09,6.93,7.46,7.8
1977-04-01,4.73,,,,5.44,5.96,6.79,7.37,7.73
1977-05-01,5.35,,,,5.84,6.25,6.94,7.46,7.8
1977-06-01,5.39,,,,5.8,6.13,6.76,7.28,7.64
1977-07-01,5.42,,,,5.94,6.27,6.84,7.33,7.64
1977-08-01,5.9,,,,6.37,6.61,7.03,7.4,7.68
1977-09-01,6.14,,,,6.53,6.71,7.04,7.34,7.64
1977-10-01,6.47,,,,6.97,7.11,7.32,7.52,7.77
1977-11-01,6.51,,,,6.95,7.14,7.34,7.58,7.85
1977-12-01,6.56,,,,6.96,7.18,7.48,7.69,7.94
1978-01-01,6.7,,,,7.28,7.49,7.77,7.96,8.18
1978-02-01,6.78,,,,7.34,7.57,7.83,8.03,8.25
1978-03-01,6.79,,,,7.31,7.58,7.86,8.04,8.23
1978-04-01,6.89,,,,7.45,7.74,7.98,8.15,8.34
1978-05-01,7.36,,,,7.82,8.01,8.18,8.35,8.43
1978-06-01,7.6,,,,8.09,8.24,8.36,8.46,8.5
1978-07-01,7.81,,,,8.39,8.49,8.54,8.64,8.65
1978-08-01,8.04,,,,8.31,8.37,8.33,8.41,8.47
1978-09-01,8.45,,,,8.64,8.57,8.43,8.42,8.47
1978-10-01,8.96,,,,9.14,8.85,8.61,8.64,8.67
1978-11-01,9.76,,,,10.01,9.42,8.84,8.81,8.75
1978-12-01,10.03,,,,10.3,9.72,9.08,9.01,8.88
1979-01-01,10.07,,,,10.41,9.86,9.2,9.1,8.94
1979-02-01,10.06,,,,10.24,9.72,9.13,9.1,9.0
1979-03-01,10.09,,,,10.25,9.79,9.2,9.12,9.03
1979-04-01,10.01,,,,10.12,9.78,9.25,9.18,9.08
1979-05-01,10.24,,,,10.12,9.78,9.24,9.25,9.19
1979-06-01,10.29,,,,9.57,9.22,8.85,8.91,8.92
1979-07-01,10.47,,,,9.64,9.14,8.9,8.95,8.93
1979-08-01,10.94,,,,9.98,9.46,9.06,9.03,8.98
1979-09-01,11.43,,,,10.84,10.06,9.41,9.33,9.17
1979-10-01,13.77,,,,12.44,11.49,10.63,10.3,9.85
1979-11-01,13.18,,,,12.39,11.81,10.93,10.65,10.3
1979-12-01,13.78,,,,11.98,11.39,10.42,10.39,10.12
1980-01-01,13.82,,,,12.06,11.5,10.74,10.8,10.6
1980-02-01,14.13,,,,13.92,13.42,12.6,12.41,12.13
1980-03-01,17.19,,,,15.82,14.88,13.47,12.75,12.34
1980-04-01,17.61,,,,13.3,12.5,11.84,11.47,11.4
1980-05-01,10.98,,,,9.39,9.45,9.95,10.18,10.36
1980-06-01,9.47,,,,8.16,8.73,9.21,9.78,9.81
1980-07-01,9.03,,,,8.65,9.03,9.53,10.25,10.24
1980-08-01,9.61,,,,10.24,10.53,10.84,11.1,11.0
1980-09-01,10.87,,,,11.52,11.57,11.62,11.51,11.34
1980-10-01,12.81,,,,12.49,12.09,11.86,11.75,11.59
1980-11-01,15.85,,,,14.15,13.51,12.83,12.68,12.37
1980-12-01,18.9,,,,14.88,14.08,13.25,12.84,12.4
1981-01-01,19.08,,,,14.08,13.26,12.77,12.57,12.14
1981-02-01,15.93,,,,14.57,13.92,13.41,13.19,12.8
1981-03-01,14.7,,,,13.71,13.57,13.41,13.12,12.69
1981-04-01,15.72,,,,14.32,14.15,13.99,13.68,13.2
1981-05-01,18.52,,,,16.2,15.46,14.63,14.1,13.6
1981-06-01,19.1,,,,14.86,14.51,13.95,13.47,12.96
1981-07-01,19.04,,,,15.72,15.35,14.79,14.28,13.59
1981-08-01,17.82,,,,16.72,16.28,15.56,14.94,14.17
1981-09-01,15.87,,15.61,16.36,16.52,16.46,15.93,15.32,14.67
1981-10-01,15.08,,14.23,15.06,15.38,15.54,15.41,15.15,14.68
1981-11-01,13.31,,11.35,12.12,12.41,12.88,13.38,13.39,13.35
1981-12-01,12.37,,11.32,12.44,12.85,13.29,13.6,13.72,13.45
1982-01-01,13.22,,12.92,13.9,14.32,14.57,14.65,14.59,14.22
1982-02-01,14.78,,14.28,14.81,14.73,14.82,14.54,14.43,14.22
1982-03-01,14.68,,13.31,13.83,13.95,14.19,13.98,13.86,13.53
1982-04-01,14.94,,13.34,13.87,13.98,14.2,14.0,13.87,13.37
1982-05-01,14.45,,12.71,13.13,13.34,13.78,13.75,13.62,13.24
1982-06-01,14.15,,13.08,13.76,14.07,14.47,14.43,14.3,13.92
1982-07-01,12.59,,11.86,12.8,13.24,13.8,14.07,13.95,13.55
1982-08-01,10.12,,9.0,10.51,11.43,12.32,13.0,13.06,12.77
1982-09-01,10.31,,8.19,9.83,10.85,11.78,12.25,12.34,12.07
1982-10-01,9.71,,7.97,8.63,9.32,10.19,10.8,10.91,11.17
1982-11-01,9.2,,8.35,8.8,9.16,9.8,10.38,10.55,10.54
1982-12-01,8.95,,8.2,8.59,8.91,9.66,10.22,10.54,10.54
1983-01-01,8.68,,8.12,8.33,8.62,9.33,10.03,10.46,10.63
1983-02-01,8.51,,8.39,8.65,8.92,9.64,10.26,10.72,10.88
1983-03-01,8.77,,8.66,8.86,9.04,9.66,10.08,10.51,10.63
1983-04-01,8.8,,8.51,8.78,8.98,9.57,10.02,10.4,10.48
1983-05-01,8.63,,8.5,8.7,8.9,9.49,10.03,10.38,10.53
1983-06-01,8.98,,9.14,9.44,9.66,10.18,10.63,10.85,10.93
1983-07-01,9.37,,9.45,9.85,10.2,10.69,11.21,11.38,11.4
1983-08-01,9.56,,9.74,10.16,10.53,11.07,11.63,11.85,11.82
1983-09-01,9.45,,9.36,9.73,10.16,10.79,11.43,11.65,11.63
1983-10-01,9.48,,8.99,9.39,9.81,10.57,11.28,11.54,11.58
1983-11-01,9.34,,9.11,9.48,9.94,10.66,11.41,11.69,11.75
1983-12-01,9.47,,9.36,9.76,10.11,10.84,11.54,11.83,11.88
1984-01-01,9.56,,9.26,9.56,9.9,10.64,11.37,11.67,11.75
1984-02-01,9.59,,9.46,9.77,10.04,10.79,11.54,11.84,11.95
1984-03-01,9.91,,9.89,10.27,10.59,11.31,12.02,12.32,12.38
1984-04-01,10.29,,10.07,10.47,10.9,11.69,12.37,12.63,12.65
1984-05-01,10.32,,10.22,11.02,11.66,12.47,13.17,13.41,13.43
1984-06-01,11.06,,10.26,11.24,12.08,12.91,13.48,13.56,13.44
1984-07-01,11.23,,10.53,11.27,12.03,12.88,13.27,13.36,13.21
1984-08-01,11.64,,10.9,11.37,11.82,12.43,12.68,12.72,12.54
1984-09-01,11.3,,10.8,11.19,11.58,12.2,12.53,12.52,12.29
1984-10-01,9.99,,10.12,10.52,10.9,11.6,12.06,12.16,11.98
1984-11-01,9.43,,8.92,9.34,9.82,10.65,11.33,11.57,11.56
1984-12-01,8.38,,8.34,8.76,9.33,10.18,11.07,11.5,11.52
1985-01-01,8.35,,8.02,8.45,9.02,9.93,10.93,11.38,11.45
1985-02-01,8.5,,8.56,8.87,9.29,10.17,11.13,11.51,11.47
1985-03-01,8.58,,8.83,9.45,9.86,10.71,11.52,11.86,11.81
1985-04-01,8.27,,8.22,8.71,9.14,10.09,11.01,11.43,11.47
1985-05-01,7.97,,7.73,8.07,8.46,9.39,10.34,10.85,11.05
1985-06-01,7.53,,7.18,7.46,7.8,8.69,9.6,10.16,10.45
1985-07-01,7.88,,7.32,7.57,7.86,8.77,9.7,10.31,10.5
1985-08-01,7.9,,7.37,7.71,8.05,8.94,9.81,10.33,10.56
1985-09-01,7.92,,7.33,7.64,8.07,8.98,9.81,10.37,10.61
1985-10-01,7.99,,7.4,7.71,8.01,8.86,9.69,10.24,10.5
1985-11-01,8.05,,7.48,7.68,7.88,8.58,9.28,9.78,10.06
1985-12-01,8.27,,7.33,7.5,7.67,8.15,8.73,9.26,9.54
1986-01-01,8.14,,7.3,7.53,7.73,8.14,8.68,9.19,9.4
1986-02-01,7.86,,7.29,7.47,7.61,7.97,8.34,8.7,8.93
1986-03-01,7.48,,6.76,6.89,7.03,7.21,7.46,7.78,7.96
1986-04-01,6.99,,6.24,6.36,6.44,6.7,7.05,7.3,7.39
1986-05-01,6.85,,6.33,6.47,6.65,7.07,7.52,7.71,7.52
1986-06-01,6.92,,6.4,6.56,6.73,7.18,7.64,7.8,7.57
1986-07-01,6.56,,6.0,6.12,6.27,6.67,7.06,7.3,7.27
1986-08-01,6.17,,5.69,5.79,5.93,6.33,6.8,7.17,7.33
1986-09-01,5.89,,5.35,5.57,5.77,6.35,6.92,7.45,7.62
1986-10-01,5.85,,5.32,5.48,5.72,6.28,6.83,7.43,7.7
1986-11-01,6.04,,5.5,5.64,5.8,6.28,6.76,7.25,7.52
1986-12-01,6.91,,5.68,5.78,5.87,6.27,6.67,7.11,7.37
1987-01-01,6.43,,5.58,5.67,5.78,6.23,6.64,7.08,7.39
1987-02-01,6.1,,5.75,5.83,5.96,6.4,6.79,7.25,7.54
1987-03-01,6.13,,5.77,5.86,6.03,6.42,6.79,7.25,7.55
1987-04-01,6.37,,5.82,6.19,6.5,7.02,7.57,8.02,8.25
1987-05-01,6.85,,5.85,6.35,7.0,7.76,8.26,8.61,8.78
1987-06-01,6.73,,5.85,6.28,6.8,7.57,8.02,8.4,8.57
1987-07-01,6.58,,5.88,6.05,6.68,7.44,8.01,8.45,8.64
1987-08-01,6.73,,6.23,6.46,7.03,7.75,8.32,8.76,8.97
1987-09-01,7.22,,6.62,6.99,7.67,8.34,8.94,9.42,9.59
1987-10-01,7.29,,6.35,7.04,7.59,8.4,9.08,9.52,9.61
1987-11-01,6.69,,5.89,6.5,6.96,7.69,8.35,8.86,8.95
1987-12-01,6.77,,5.96,6.68,7.17,7.86,8.45,8.99,9.12
1988-01-01,6.83,,6.0,6.56,6.99,7.63,8.18,8.67,8.83
1988-02-01,6.58,,5.84,6.21,6.64,7.18,7.71,8.21,8.43
1988-03-01,6.58,,5.87,6.18,6.71,7.27,7.83,8.37,8.63
1988-04-01,6.87,,6.08,6.5,7.01,7.59,8.19,8.72,8.95
1988-05-01,7.09,,6.45,6.89,7.4,8.0,8.58,9.09,9.23
1988-06-01,7.51,,6.66,7.04,7.49,8.03,8.49,8.92,9.0
1988-07-01,7.75,,6.95,7.35,7.75,8.28,8.66,9.06,9.14
1988-08-01,8.01,,7.3,7.79,8.17,8.63,8.94,9.26,9.32
1988-09-01,8.19,,7.48,7.82,8.09,8.46,8.69,8.98,9.06
1988-10-01,8.3,,7.6,7.9,8.11,8.35,8.51,8.8,8.89
1988-11-01,8.35,,8.03,8.3,8.48,8.67,8.79,8.96,9.02
1988-12-01,8.76,,8.35,8.7,8.99,9.09,9.09,9.11,9.01
1989-01-01,9.12,,8.56,8.85,9.05,9.18,9.15,9.09,8.93
1989-02-01,9.36,,8.84,9.05,9.25,9.37,9.27,9.17,9.01
1989-03-01,9.85,,9.14,9.39,9.57,9.68,9.51,9.36,9.17
1989-04-01,9.84,,8.96,9.17,9.36,9.45,9.3,9.18,9.03
1989-05-01,9.81,,8.74,8.91,8.98,9.02,8.91,8.86,8.83
1989-06-01,9.53,,8.43,8.38,8.44,8.41,8.29,8.28,8.27
1989-07-01,9.24,,8.15,8.01,7.89,7.82,7.83,8.02,8.08
1989-08-01,8.99,,8.17,8.17,8.18,8.14,8.09,8.11,8.12
1989-09-01,9.02,,8.01,8.16,8.22,8.28,8.17,8.19,8.15
1989-10-01,8.84,,7.9,8.03,7.99,7.98,7.97,8.01,8.0
1989-11-01,8.55,,7.94,7.89,7.77,7.8,7.81,7.87,7.9
1989-12-01,8.45,,7.88,7.81,7.72,7.78,7.75,7.84,7.9
1990-01-01,8.23,,7.9,7.96,7.92,8.09,8.12,8.21,8.26
1990-02-01,8.24,,8.0,8.12,8.11,8.37,8.42,8.47,8.5
1990-03-01,8.28,,8.17,8.28,8.35,8.63,8.6,8.59,8.56
1990-04-01,8.26,,8.04,8.27,8.4,8.72,8.77,8.79,8.76
1990-05-01,8.18,,8.01,8.19,8.32,8.64,8.74,8.76,8.73
1990-06-01,8.29,,7.99,8.05,8.1,8.35,8.43,8.48,8.46
1990-07-01,8.15,,7.87,7.92,7.94,8.16,8.33,8.47,8.5
1990-08-01,8.13,,7.69,7.77,7.78,8.06,8.44,8.75,8.86
1990-09-01,8.2,,7.6,7.7,7.76,8.08,8.51,8.89,9.03
1990-10-01,8.11,,7.4,7.53,7.55,7.88,8.33,8.72,8.86
1990-11-01,7.81,,7.29,7.39,7.31,7.6,8.02,8.39,8.54
1990-12-01,7.31,,6.95,7.03,7.05,7.31,7.73,8.08,8.24
1991-01-01,6.91,,6.41,6.58,6.64,7.13,7.7,8.09,8.27
1991-02-01,6.25,,6.12,6.19,6.27,6.87,7.47,7.85,8.03
1991-03-01,6.12,,6.09,6.2,6.4,7.1,7.77,8.11,8.29
1991-04-01,5.91,,5.83,5.98,6.24,6.95,7.7,8.04,8.21
1991-05-01,5.78,,5.63,5.87,6.13,6.78,7.7,8.07,8.27
1991-06-01,5.9,,5.75,6.02,6.36,6.96,7.94,8.28,8.47
1991-07-01,5.82,,5.75,5.97,6.31,6.92,7.91,8.27,8.45
1991-08-01,5.66,,5.5,5.63,5.78,6.43,7.43,7.9,8.14
1991-09-01,5.45,,5.37,5.48,5.57,6.18,7.14,7.65,7.95
1991-10-01,5.21,,5.14,5.26,5.33,5.91,6.87,7.53,7.93
1991-11-01,4.81,,4.69,4.8,4.89,5.56,6.62,7.42,7.92
1991-12-01,4.43,,4.18,4.26,4.38,5.03,6.19,7.09,7.7
1992-01-01,4.03,,3.91,4.01,4.15,4.96,6.24,7.03,7.58
1992-02-01,4.06,,3.95,4.08,4.29,5.21,6.58,7.34,7.85
1992-03-01,3.98,,4.14,4.33,4.63,5.69,6.95,7.54,7.97
1992-04-01,3.73,,3.84,4.0,4.3,5.34,6.78,7.48,7.96
1992-05-01,3.82,,3.72,3.88,4.19,5.23,6.69,7.39,7.89
1992-06-01,3.76,,3.75,3.9,4.17,5.05,6.48,7.26,7.84
1992-07-01,3.25,,3.28,3.38,3.6,4.36,5.84,6.84,7.6
1992-08-01,3.3,,3.2,3.31,3.47,4.19,5.6,6.59,7.39
1992-09-01,3.22,,2.97,3.04,3.18,3.89,5.38,6.42,7.34
1992-10-01,3.1,,2.93,3.13,3.3,4.08,5.6,6.59,7.53
1992-11-01,3.09,,3.21,3.44,3.68,4.58,6.04,6.87,7.61
1992-12-01,2.92,,3.29,3.47,3.71,4.67,6.08,6.77,7.44
1993-01-01,3.02,,3.07,3.24,3.5,4.39,5.83,6.6,7.34
1993-02-01,3.03,,2.99,3.16,3.39,4.1,5.43,6.26,7.09
1993-03-01,3.07,,3.01,3.15,3.33,3.95,5.19,5.98,6.82
1993-04-01,2.96,,2.93,3.06,3.24,3.84,5.13,5.97,6.85
1993-05-01,3.0,,3.03,3.17,3.36,3.98,5.2,6.04,6.92
1993-06-01,3.04,,3.14,3.29,3.54,4.16,5.22,5.96,6.81
1993-07-01,3.06,,3.11,3.26,3.47,4.07,5.09,5.81,6.63
1993-08-01,3.03,,3.09,3.24,3.44,4.0,5.03,5.68,6.32
1993-09-01,3.09,,3.01,3.15,3.36,3.85,4.73,5.36,6.0
1993-10-01,2.99,,3.09,3.22,3.39,3.87,4.71,5.33,5.94
1993-11-01,3.02,,3.18,3.36,3.58,4.16,5.06,5.72,6.21
1993-12-01,2.96,,3.13,3.34,3.61,4.21,5.15,5.77,6.25
1994-01-01,3.05,,3.04,3.25,3.54,4.14,5.09,5.75,6.29
1994-02-01,3.25,,3.33,3.53,3.87,4.47,5.4,5.97,6.49
1994-03-01,3.34,,3.59,3.91,4.32,5.0,5.94,6.48,6.91
1994-04-01,3.56,,3.78,4.25,4.82,5.55,6.52,6.97,7.27
1994-05-01,4.01,,4.27,4.79,5.31,5.97,6.78,7.18,7.41
1994-06-01,4.25,,4.25,4.72,5.27,5.93,6.7,7.1,7.4
1994-07-01,4.26,,4.46,4.95,5.48,6.13,6.91,7.3,7.58
1994-08-01,4.47,,4.61,5.08,5.56,6.18,6.88,7.24,7.49
1994-09-01,4.73,,4.75,5.24,5.76,6.39,7.08,7.46,7.71
1994-10-01,4.76,,5.1,5.62,6.11,6.73,7.4,7.74,7.94
1994-11-01,5.29,,5.45,5.98,6.54,7.15,7.72,7.96,8.08
1994-12-01,5.45,,5.76,6.5,7.14,7.59,7.78,7.81,7.87
1995-01-01,5.53,,5.9,6.51,7.05,7.51,7.76,7.78,7.85
1995-02-01,5.92,,5.94,6.31,6.7,7.11,7.37,7.47,7.61
1995-03-01,5.98,,5.91,6.17,6.43,6.78,7.05,7.2,7.45
1995-04-01,6.05,,5.84,6.05,6.27,6.57,6.86,7.06,7.36
1995-05-01,6.01,,5.85,5.93,6.0,6.17,6.41,6.63,6.95
1995-06-01,6.0,,5.64,5.66,5.64,5.72,5.93,6.17,6.57
1995-07-01,5.85,,5.59,5.62,5.59,5.78,6.01,6.28,6.72
1995-08-01,5.74,,5.57,5.65,5.75,5.98,6.24,6.49,6.86
1995-09-01,5.8,,5.43,5.54,5.62,5.81,6.0,6.2,6.55
1995-10-01,5.76,,5.44,5.56,5.59,5.7,5.86,6.04,6.37
1995-11-01,5.8,,5.52,5.51,5.43,5.48,5.69,5.93,6.26
1995-12-01,5.6,,5.29,5.35,5.31,5.32,5.51,5.71,6.06
1996-01-01,5.56,,5.15,5.13,5.09,5.11,5.36,5.65,6.05
1996-02-01,5.22,,4.96,4.97,4.94,5.03,5.38,5.81,6.24
1996-03-01,5.31,,5.1,5.16,5.34,5.66,5.97,6.27,6.6
1996-04-01,5.22,,5.09,5.27,5.54,5.96,6.3,6.51,6.79
1996-05-01,5.24,,5.15,5.33,5.64,6.1,6.48,6.74,6.93
1996-06-01,5.27,,5.23,5.46,5.81,6.3,6.69,6.91,7.06
1996-07-01,5.4,,5.3,5.52,5.85,6.27,6.64,6.87,7.03
1996-08-01,5.22,,5.19,5.34,5.67,6.03,6.39,6.64,6.84
1996-09-01,5.3,,5.24,5.45,5.83,6.23,6.6,6.83,7.03
1996-10-01,5.24,,5.12,5.32,5.55,5.91,6.27,6.53,6.81
1996-11-01,5.31,,5.17,5.27,5.42,5.7,5.97,6.2,6.48
1996-12-01,5.29,,5.04,5.24,5.47,5.78,6.07,6.3,6.55
1997-01-01,5.25,,5.17,5.31,5.61,6.01,6.33,6.58,6.83
1997-02-01,5.19,,5.14,5.27,5.53,5.9,6.2,6.42,6.69
1997-03-01,5.39,,5.28,5.48,5.8,6.22,6.54,6.69,6.93
1997-04-01,5.51,,5.3,5.6,5.99,6.45,6.76,6.89,7.09
1997-05-01,5.5,,5.2,5.53,5.87,6.28,6.57,6.71,6.94
1997-06-01,5.56,,5.07,5.34,5.69,6.09,6.38,6.49,6.77
1997-07-01,5.52,,5.19,5.33,5.54,5.89,6.12,6.22,6.51
1997-08-01,5.54,,5.28,5.4,5.56,5.94,6.16,6.3,6.58
1997-09-01,5.54,,5.08,5.3,5.52,5.88,6.11,6.21,6.5
1997-10-01,5.5,,5.11,5.3,5.46,5.77,5.93,6.03,6.33
1997-11-01,5.52,,5.28,5.38,5.46,5.71,5.8,5.88,6.11
1997-12-01,5.5,,5.3,5.45,5.53,5.72,5.77,5.81,5.99
1998-01-01,5.56,,5.18,5.23,5.24,5.36,5.42,5.54,5.81
1998-02-01,5.51,,5.23,5.27,5.31,5.42,5.49,5.57,5.89
1998-03-01,5.49,,5.16,5.25,5.39,5.56,5.61,5.65,5.95
1998-04-01,5.45,,5.08,5.26,5.38,5.56,5.61,5.64,5.92
1998-05-01,5.49,,5.14,5.36,5.44,5.59,5.63,5.65,5.93
1998-06-01,5.56,,5.12,5.32,5.41,5.52,5.52,5.5,5.7
1998-07-01,5.54,,5.09,5.23,5.36,5.46,5.46,5.46,5.68
1998-08-01,5.55,,5.04,5.15,5.21,5.27,5.27,5.34,5.54
1998-09-01,5.51,,4.74,4.81,4.71,4.67,4.62,4.81,5.2
1998-10-01,5.07,,4.07,4.2,4.12,4.09,4.18,4.53,5.01
1998-11-01,4.83,,4.53,4.59,4.53,4.54,4.54,4.83,5.25
1998-12-01,4.68,,4.5,4.57,4.52,4.51,4.45,4.65,5.06
1999-01-01,4.63,,4.45,4.49,4.51,4.62,4.6,4.72,5.16
1999-02-01,4.76,,4.56,4.61,4.7,4.88,4.91,5.0,5.37
1999-03-01,4.81,,4.57,4.65,4.78,5.05,5.14,5.23,5.58
1999-04-01,4.74,,4.41,4.54,4.69,4.98,5.08,5.18,5.55
1999-05-01,4.74,,4.63,4.75,4.85,5.25,5.44,5.54,5.81
1999-06-01,4.76,,4.72,5.03,5.1,5.62,5.81,5.9,6.04
1999-07-01,4.99,,4.69,4.75,5.03,5.55,5.68,5.79,5.98
1999-08-01,5.07,,4.87,5.09,5.2,5.68,5.84,5.94,6.07
1999-09-01,5.22,,4.82,5.08,5.25,5.66,5.8,5.92,6.07
1999-10-01,5.2,,5.02,5.2,5.43,5.86,6.03,6.11,6.26
1999-11-01,5.42,,5.23,5.43,5.55,5.86,5.97,6.03,6.15
1999-12-01,5.3,,5.36,5.68,5.84,6.1,6.19,6.28,6.35
2000-01-01,5.45,,5.5,5.76,6.12,6.44,6.58,6.66,6.63
2000-02-01,5.73,,5.73,6.0,6.22,6.61,6.68,6.52,6.23
2000-03-01,5.85,,5.86,6.11,6.22,6.53,6.5,6.26,6.05
2000-04-01,6.02,,5.82,6.07,6.15,6.4,6.26,5.99,5.85
2000-05-01,6.27,,5.99,6.39,6.33,6.81,6.69,6.44,6.15
2000-06-01,6.53,,5.86,6.24,6.17,6.48,6.3,6.1,5.93
2000-07-01,6.54,,6.14,6.27,6.08,6.34,6.18,6.05,5.85
2000-08-01,6.5,,6.28,6.35,6.18,6.23,6.06,5.83,5.72
2000-09-01,6.52,,6.18,6.25,6.13,6.08,5.93,5.8,5.83
2000-10-01,6.51,,6.29,6.32,6.01,5.91,5.78,5.74,5.8
2000-11-01,6.51,,6.36,6.34,6.09,5.88,5.7,5.72,5.78
2000-12-01,6.4,,5.94,5.92,5.6,5.35,5.17,5.24,5.49
2001-01-01,5.98,,5.29,5.15,4.81,4.76,4.86,5.16,5.54
2001-02-01,5.49,,5.01,4.89,4.68,4.66,4.89,5.1,5.45
2001-03-01,5.31,,4.54,4.44,4.3,4.34,4.64,4.89,5.34
2001-04-01,4.8,,3.97,3.99,3.98,4.23,4.76,5.14,5.65
2001-05-01,4.21,,3.7,3.74,3.78,4.26,4.93,5.39,5.78
2001-06-01,3.97,,3.57,3.56,3.58,4.08,4.81,5.28,5.67
2001-07-01,3.77,3.67,3.59,3.56,3.62,4.04,4.76,5.24,5.61
2001-08-01,3.65,3.53,3.44,3.39,3.47,3.76,4.57,4.97,5.48
2001-09-01,3.07,2.68,2.69,2.71,2.82,3.12,4.12,4.73,5.48
2001-10-01,2.49,2.27,2.2,2.17,2.33,2.73,3.91,4.57,5.32
2001-11-01,2.09,1.99,1.91,1.92,2.18,2.78,3.97,4.65,5.12
2001-12-01,1.82,1.72,1.72,1.82,2.22,3.11,4.39,5.09,5.48
2002-01-01,1.73,1.68,1.68,1.77,2.16,3.03,4.34,5.04,5.45
2002-02-01,1.74,1.74,1.76,1.86,2.23,3.02,4.3,4.91,5.45
2002-03-01,1.73,1.79,1.83,2.06,2.57,3.56,4.74,5.28,5.81
2002-04-01,1.75,1.72,1.75,1.98,2.48,3.42,4.65,5.21,5.79
2002-05-01,1.75,1.74,1.76,1.91,2.35,3.26,4.49,5.16,5.76
2002-06-01,1.75,1.72,1.73,1.83,2.2,2.99,4.19,4.93,5.68
2002-07-01,1.73,1.72,1.71,1.74,1.96,2.56,3.81,4.65,5.59
2002-08-01,1.74,1.68,1.65,1.64,1.76,2.13,3.29,4.26,5.28
2002-09-01,1.75,1.67,1.66,1.64,1.72,2.0,2.94,3.87,4.96
2002-10-01,1.75,1.62,1.61,1.59,1.65,1.91,2.95,3.94,5.18
2002-11-01,1.34,1.26,1.25,1.3,1.49,1.92,3.05,4.05,5.18
2002-12-01,1.24,1.2,1.21,1.27,1.45,1.84,3.03,4.03,5.13
2003-01-01,1.24,1.17,1.19,1.22,1.36,1.74,3.05,4.05,5.14
2003-02-01,1.26,1.2,1.19,1.2,1.3,1.63,2.9,3.9,5.02
2003-03-01,1.25,1.18,1.15,1.16,1.24,1.57,2.78,3.81,5.03
2003-04-01,1.26,1.16,1.15,1.17,1.27,1.62,2.93,3.96,5.13
2003-05-01,1.26,1.08,1.09,1.11,1.18,1.42,2.52,3.57,4.76
2003-06-01,1.22,0.97,0.94,0.94,1.01,1.23,2.27,3.33,4.62
2003-07-01,1.01,0.9,0.92,0.97,1.12,1.47,2.87,3.98,5.13
2003-08-01,1.03,0.95,0.97,1.05,1.31,1.86,3.37,4.45,5.45
2003-09-01,1.01,0.91,0.96,1.03,1.24,1.71,3.18,4.27,5.28
2003-10-01,1.01,0.91,0.94,1.02,1.25,1.75,3.19,4.29,5.3
2003-11-01,1.0,0.94,0.95,1.04,1.34,1.93,3.29,4.3,5.25
2003-12-01,0.98,0.89,0.91,1.01,1.31,1.91,3.27,4.27,5.21
2004-01-01,1.0,0.85,0.9,0.99,1.24,1.76,3.12,4.15,5.13
2004-02-01,1.01,0.92,0.94,1.01,1.24,1.74,3.07,4.08,5.08
2004-03-01,1.0,0.96,0.95,1.01,1.19,1.58,2.79,3.83,4.9
2004-04-01,1.0,0.91,0.96,1.11,1.43,2.07,3.39,4.35,5.28
2004-05-01,1.0,0.91,1.04,1.33,1.78,2.53,3.85,4.72,5.51
2004-06-01,1.03,1.05,1.29,1.64,2.12,2.76,3.93,4.73,5.48
2004-07-01,1.26,1.19,1.36,1.7,2.1,2.64,3.69,4.5,5.31
2004-08-01,1.43,1.37,1.5,1.76,2.02,2.51,3.47,4.28,5.15
2004-09-01,1.61,1.55,1.68,1.91,2.12,2.53,3.36,4.13,4.98
2004-10-01,1.76,1.63,1.79,2.05,2.23,2.58,3.35,4.1,4.94
2004-11-01,1.93,1.92,2.11,2.32,2.5,2.85,3.53,4.19,4.95
2004-12-01,2.16,1.96,2.22,2.5,2.67,3.01,3.6,4.23,4.91
2005-01-01,2.28,2.05,2.37,2.68,2.86,3.22,3.71,4.22,4.77
2005-02-01,2.5,2.36,2.58,2.85,3.03,3.38,3.77,4.17,4.56
2005-03-01,2.63,2.65,2.8,3.09,3.3,3.73,4.17,4.5,4.77
2005-04-01,2.79,2.64,2.84,3.14,3.32,3.65,4.0,4.34,4.65
2005-05-01,3.0,2.65,2.9,3.17,3.33,3.64,3.85,4.14,4.49
2005-06-01,3.04,2.83,3.04,3.22,3.36,3.64,3.77,4.0,4.28
2005-07-01,3.26,3.1,3.29,3.53,3.64,3.87,3.98,4.18,4.38
2005-08-01,3.5,3.34,3.52,3.78,3.87,4.04,4.12,4.26,4.44
2005-09-01,3.62,3.23,3.49,3.79,3.85,3.95,4.01,4.2,4.45
2005-10-01,3.78,3.51,3.79,4.13,4.18,4.27,4.33,4.46,4.64
2005-11-01,4.0,3.91,3.97,4.3,4.33,4.42,4.45,4.54,4.7
2005-12-01,4.16,3.69,3.97,4.33,4.35,4.4,4.39,4.47,4.62
2006-01-01,4.29,4.12,4.34,4.47,4.45,4.4,4.35,4.42,4.57
2006-02-01,4.49,4.38,4.54,4.69,4.68,4.67,4.57,4.57,4.57
2006-03-01,4.59,4.55,4.63,4.79,4.77,4.73,4.72,4.72,4.73
2006-04-01,4.79,4.61,4.72,4.9,4.9,4.89,4.9,4.99,5.06
2006-05-01,4.94,4.7,4.84,5.01,5.0,4.97,5.0,5.11,5.2
2006-06-01,4.99,4.71,4.92,5.17,5.16,5.12,5.07,5.11,5.15
2006-07-01,5.24,4.9,5.08,5.27,5.22,5.12,5.04,5.09,5.13
2006-08-01,5.25,5.16,5.09,5.17,5.08,4.9,4.82,4.88,5.0
2006-09-01,5.25,4.77,4.93,5.08,4.97,4.77,4.67,4.72,4.85
2006-10-01,5.25,4.97,5.05,5.12,5.01,4.8,4.69,4.73,4.85
2006-11-01,5.25,5.21,5.07,5.15,5.01,4.74,4.58,4.6,4.69
2006-12-01,5.24,4.87,4.97,5.07,4.94,4.67,4.53,4.56,4.68
2007-01-01,5.25,4.94,5.11,5.15,5.06,4.88,4.75,4.76,4.85
2007-02-01,5.26,5.18,5.16,5.16,5.05,4.85,4.71,4.72,4.82
2007-03-01,5.26,5.21,5.08,5.1,4.92,4.57,4.48,4.56,4.72
2007-04-01,5.25,4.99,5.01,5.07,4.93,4.67,4.59,4.69,4.87
2007-05-01,5.25,4.82,4.87,4.98,4.91,4.77,4.67,4.75,4.9
2007-06-01,5.25,4.52,4.74,4.95,4.96,4.98,5.03,5.1,5.2
2007-07-01,5.26,4.82,4.96,5.04,4.96,4.82,4.88,5.0,5.11
2007-08-01,5.02,4.2,4.32,4.55,4.47,4.31,4.43,4.67,4.93
2007-09-01,4.94,3.78,3.99,4.2,4.14,4.01,4.2,4.52,4.79
2007-10-01,4.76,3.81,4.0,4.16,4.1,3.97,4.2,4.53,4.77
2007-11-01,4.49,3.68,3.35,3.58,3.5,3.34,3.67,4.15,4.52
2007-12-01,4.24,2.86,3.07,3.34,3.26,3.12,3.49,4.1,4.53
2008-01-01,3.94,2.74,2.82,2.84,2.71,2.48,2.98,3.74,4.33
2008-02-01,2.98,2.27,2.17,2.1,2.05,1.97,2.78,3.74,4.52
2008-03-01,2.61,1.35,1.28,1.51,1.54,1.62,2.48,3.51,4.39
2008-04-01,2.28,1.07,1.31,1.58,1.74,2.05,2.84,3.68,4.44
2008-05-01,1.98,1.76,1.76,1.86,2.06,2.45,3.15,3.88,4.6
2008-06-01,2.0,1.72,1.89,2.19,2.42,2.77,3.49,4.1,4.69
2008-07-01,2.01,1.6,1.66,1.98,2.28,2.57,3.3,4.01,4.57
2008-08-01,2.0,1.68,1.75,1.97,2.18,2.42,3.14,3.89,4.5
2008-09-01,1.81,0.89,1.15,1.64,1.91,2.08,2.88,3.69,4.27
2008-10-01,0.97,0.29,0.69,1.23,1.42,1.61,2.73,3.81,4.17
2008-11-01,0.39,0.09,0.19,0.74,1.07,1.21,2.29,3.53,4.0
2008-12-01,0.16,0.03,0.03,0.26,0.49,0.82,1.52,2.42,2.87
2009-01-01,0.15,0.05,0.13,0.3,0.44,0.81,1.6,2.52,3.13
2009-02-01,0.22,0.22,0.3,0.46,0.62,0.98,1.87,2.87,3.59
2009-03-01,0.18,0.1,0.22,0.43,0.64,0.93,1.82,2.82,3.64
2009-04-01,0.15,0.1,0.16,0.35,0.55,0.93,1.86,2.93,3.76
2009-05-01,0.18,0.14,0.18,0.3,0.5,0.93,2.13,3.29,4.23
2009-06-01,0.21,0.1,0.18,0.31,0.51,1.18,2.71,3.72,4.52
2009-07-01,0.16,0.15,0.18,0.28,0.48,1.02,2.46,3.56,4.41
2009-08-01,0.16,0.12,0.17,0.27,0.46,1.12,2.57,3.59,4.37
2009-09-01,0.15,0.06,0.12,0.21,0.4,0.96,2.37,3.4,4.19
2009-10-01,0.12,0.04,0.07,0.16,0.37,0.95,2.33,3.39,4.19
2009-11-01,0.12,0.05,0.05,0.15,0.31,0.8,2.23,3.4,4.31
2009-12-01,0.12,0.03,0.05,0.17,0.37,0.87,2.34,3.59,4.49
2010-01-01,0.11,0.02,0.06,0.15,0.35,0.93,2.48,3.73,4.6
2010-02-01,0.13,0.06,0.11,0.18,0.35,0.86,2.36,3.69,4.62
2010-03-01,0.16,0.12,0.15,0.23,0.4,0.96,2.43,3.73,4.64
2010-04-01,0.2,0.15,0.16,0.24,0.45,1.06,2.58,3.85,4.69
2010-05-01,0.2,0.15,0.16,0.22,0.37,0.83,2.18,3.42,4.29
2010-06-01,0.18,0.08,0.12,0.19,0.32,0.72,2.0,3.2,4.13
2010-07-01,0.18,0.16,0.16,0.2,0.29,0.62,1.76,3.01,3.99
2010-08-01,0.19,0.15,0.16,0.19,0.26,0.52,1.47,2.7,3.8
2010-09-01,0.19,0.12,0.15,0.19,0.26,0.48,1.41,2.65,3.77
2010-10-01,0.19,0.14,0.13,0.18,0.23,0.38,1.18,2.54,3.87
2010-11-01,0.19,0.13,0.14,0.18,0.25,0.45,1.35,2.76,4.19
2010-12-01,0.18,0.09,0.14,0.19,0.29,0.62,1.93,3.29,4.42
2011-01-01,0.17,0.14,0.15,0.18,0.27,0.61,1.99,3.39,4.52
2011-02-01,0.16,0.11,0.13,0.17,0.29,0.77,2.26,3.58,4.65
2011-03-01,0.14,0.06,0.1,0.16,0.26,0.7,2.11,3.41,4.51
2011-04-01,0.1,0.03,0.06,0.12,0.25,0.73,2.17,3.46,4.5
2011-05-01,0.09,0.02,0.04,0.09,0.19,0.56,1.84,3.17,4.29
2011-06-01,0.09,0.02,0.04,0.1,0.18,0.41,1.58,3.0,4.23
2011-07-01,0.07,0.04,0.04,0.08,0.19,0.41,1.54,3.0,4.27
2011-08-01,0.1,0.02,0.02,0.06,0.11,0.23,1.02,2.3,3.65
2011-09-01,0.08,0.01,0.01,0.04,0.1,0.21,0.9,1.98,3.18
2011-10-01,0.07,0.01,0.02,0.05,0.11,0.28,1.06,2.15,3.13
2011-11-01,0.08,0.01,0.01,0.05,0.11,0.25,0.91,2.01,3.02
2011-12-01,0.07,0.0,0.01,0.05,0.12,0.26,0.89,1.98,2.98
2012-01-01,0.08,0.02,0.03,0.07,0.12,0.24,0.84,1.97,3.03
2012-02-01,0.1,0.06,0.09,0.12,0.16,0.28,0.83,1.97,3.11
2012-03-01,0.13,0.06,0.08,0.14,0.19,0.34,1.02,2.17,3.28
2012-04-01,0.14,0.07,0.08,0.14,0.18,0.29,0.89,2.05,3.18
2012-05-01,0.16,0.07,0.09,0.15,0.19,0.29,0.76,1.8,2.93
2012-06-01,0.16,0.05,0.09,0.15,0.19,0.29,0.71,1.62,2.7
2012-07-01,0.16,0.07,0.1,0.15,0.19,0.25,0.62,1.53,2.59
2012-08-01,0.13,0.09,0.1,0.14,0.18,0.27,0.71,1.68,2.77
2012-09-01,0.14,0.08,0.11,0.14,0.18,0.26,0.67,1.72,2.88
2012-10-01,0.16,0.11,0.1,0.15,0.18,0.28,0.71,1.75,2.9
2012-11-01,0.16,0.12,0.09,0.14,0.18,0.27,0.67,1.65,2.8
2012-12-01,0.16,0.04,0.07,0.12,0.16,0.26,0.7,1.72,2.88
2013-01-01,0.14,0.05,0.07,0.11,0.15,0.27,0.81,1.91,3.08
2013-02-01,0.15,0.08,0.1,0.12,0.16,0.27,0.85,1.98,3.17
2013-03-01,0.14,0.08,0.09,0.11,0.15,0.26,0.82,1.96,3.16
2013-04-01,0.15,0.05,0.06,0.09,0.12,0.23,0.71,1.76,2.93
2013-05-01,0.11,0.02,0.04,0.08,0.12,0.25,0.84,1.93,3.11
2013-06-01,0.09,0.03,0.05,0.09,0.14,0.33,1.2,2.3,3.4
2013-07-01,0.09,0.02,0.04,0.07,0.12,0.34,1.4,2.58,3.61
2013-08-01,0.08,0.04,0.04,0.07,0.13,0.36,1.52,2.74,3.76
2013-09-01,0.08,0.02,0.02,0.04,0.12,0.4,1.6,2.81,3.79
2013-10-01,0.09,0.11,0.05,0.08,0.12,0.34,1.37,2.62,3.68
2013-11-01,0.08,0.05,0.07,0.1,0.12,0.3,1.37,2.72,3.8
2013-12-01,0.09,0.02,0.07,0.1,0.13,0.34,1.58,2.9,3.89
2014-01-01,0.07,0.02,0.04,0.07,0.12,0.39,1.65,2.86,3.77
2014-02-01,0.07,0.05,0.05,0.08,0.12,0.33,1.52,2.71,3.66
2014-03-01,0.08,0.05,0.05,0.08,0.13,0.4,1.64,2.72,3.62
2014-04-01,0.09,0.02,0.03,0.05,0.11,0.42,1.7,2.71,3.52
2014-05-01,0.09,0.03,0.03,0.05,0.1,0.39,1.59,2.56,3.39
2014-06-01,0.1,0.02,0.04,0.06,0.1,0.45,1.68,2.6,3.42
2014-07-01,0.09,0.02,0.03,0.06,0.11,0.51,1.7,2.54,3.33
2014-08-01,0.09,0.03,0.03,0.05,0.11,0.47,1.63,2.42,3.2
2014-09-01,0.09,0.01,0.02,0.04,0.11,0.57,1.77,2.53,3.26
2014-10-01,0.09,0.02,0.02,0.05,0.1,0.45,1.55,2.3,3.04
2014-11-01,0.09,0.04,0.02,0.07,0.13,0.53,1.62,2.33,3.04
2014-12-01,0.12,0.03,0.03,0.11,0.21,0.64,1.64,2.21,2.83
2015-01-01,0.11,0.02,0.03,0.08,0.2,0.55,1.37,1.88,2.46
2015-02-01,0.11,0.02,0.02,0.07,0.22,0.62,1.47,1.98,2.57
2015-03-01,0.11,0.02,0.03,0.11,0.25,0.64,1.52,2.04,2.63
2015-04-01,0.12,0.02,0.02,0.09,0.23,0.54,1.35,1.94,2.59
2015-05-01,0.12,0.01,0.02,0.08,0.24,0.61,1.54,2.2,2.96
2015-06-01,0.13,0.01,0.02,0.09,0.28,0.69,1.68,2.36,3.11
2015-07-01,0.13,0.03,0.03,0.12,0.3,0.67,1.63,2.32,3.07
2015-08-01,0.14,0.04,0.07,0.22,0.38,0.7,1.54,2.17,2.86
2015-09-01,0.14,0.01,0.02,0.18,0.37,0.71,1.49,2.17,2.95
2015-10-01,0.12,0.01,0.02,0.11,0.26,0.64,1.39,2.07,2.89
2015-11-01,0.12,0.07,0.13,0.33,0.48,0.88,1.67,2.26,3.03
2015-12-01,0.24,0.17,0.23,0.5,0.65,0.98,1.7,2.24,2.97
2016-01-01,0.34,0.23,0.26,0.43,0.54,0.9,1.52,2.09,2.86
2016-02-01,0.38,0.26,0.31,0.45,0.53,0.73,1.22,1.78,2.62
2016-03-01,0.36,0.25,0.3,0.47,0.66,0.88,1.38,1.89,2.68
2016-04-01,0.37,0.19,0.23,0.37,0.56,0.77,1.26,1.81,2.62
2016-05-01,0.37,0.23,0.28,0.42,0.59,0.82,1.3,1.81,2.63
2016-06-01,0.38,0.22,0.27,0.4,0.55,0.73,1.17,1.64,2.45
2016-07-01,0.39,0.26,0.3,0.4,0.51,0.67,1.07,1.5,2.23
2016-08-01,0.4,0.26,0.3,0.45,0.57,0.74,1.13,1.56,2.26
2016-09-01,0.4,0.19,0.29,0.47,0.59,0.77,1.18,1.63,2.35
2016-10-01,0.4,0.24,0.33,0.48,0.66,0.84,1.27,1.76,2.5
2016-11-01,0.41,0.3,0.45,0.58,0.74,0.98,1.6,2.14,2.86
2016-12-01,0.54,0.42,0.51,0.64,0.87,1.2,1.96,2.49,3.11
2017-01-01,0.65,0.5,0.52,0.62,0.83,1.21,1.92,2.43,3.02
2017-02-01,0.66,0.48,0.53,0.65,0.82,1.2,1.9,2.42,3.03
2017-03-01,0.79,0.66,0.75,0.89,1.01,1.31,2.01,2.48,3.08
2017-04-01,0.9,0.75,0.81,0.95,1.04,1.24,1.82,2.3,2.94
2017-05-01,0.91,0.73,0.9,1.04,1.12,1.3,1.84,2.3,2.96
2017-06-01,1.04,0.84,1.0,1.11,1.2,1.34,1.77,2.19,2.8
2017-07-01,1.15,0.97,1.09,1.13,1.22,1.37,1.87,2.32,2.88
2017-08-01,1.16,0.98,1.03,1.13,1.23,1.34,1.78,2.21,2.8
2017-09-01,1.15,0.99,1.05,1.17,1.28,1.38,1.8,2.2,2.78
2017-10-01,1.15,1.0,1.09,1.25,1.4,1.55,1.98,2.36,2.88
2017-11-01,1.16,1.09,1.25,1.39,1.56,1.7,2.05,2.35,2.8
2017-12-01,1.3,1.2,1.34,1.5,1.7,1.84,2.18,2.4,2.77
2018-01-01,1.41,1.3,1.43,1.62,1.8,2.03,2.38,2.58,2.88
2018-02-01,1.42,1.38,1.59,1.79,1.96,2.18,2.6,2.86,3.13
2018-03-01,1.51,1.64,1.73,1.92,2.06,2.28,2.63,2.84,3.09
2018-04-01,1.69,1.66,1.79,1.98,2.15,2.38,2.7,2.87,3.07
2018-05-01,1.7,1.71,1.9,2.07,2.27,2.51,2.82,2.98,3.13
2018-06-01,1.82,1.81,1.94,2.11,2.33,2.53,2.78,2.91,3.05
2018-07-01,1.91,1.89,1.99,2.17,2.39,2.61,2.78,2.89,3.01
2018-08-01,1.91,1.94,2.07,2.24,2.45,2.64,2.77,2.89,3.04
2018-09-01,1.95,2.04,2.17,2.34,2.56,2.77,2.89,3.0,3.15
2018-10-01,2.19,2.17,2.29,2.46,2.65,2.86,3.0,3.15,3.34
2018-11-01,2.2,2.24,2.37,2.52,2.7,2.86,2.95,3.12,3.36
2018-12-01,2.27,2.37,2.41,2.54,2.66,2.68,2.68,2.83,3.1
2019-01-01,2.4,2.4,2.42,2.51,2.58,2.54,2.54,2.71,3.04
2019-02-01,2.4,2.43,2.44,2.5,2.55,2.5,2.49,2.68,3.02
2019-03-01,2.41,2.45,2.45,2.51,2.49,2.41,2.37,2.57,2.98
2019-04-01,2.42,2.43,2.43,2.46,2.42,2.34,2.33,2.53,2.94
2019-05-01,2.39,2.4,2.4,2.42,2.34,2.21,2.19,2.4,2.82
2019-06-01,2.38,2.22,2.22,2.17,2.0,1.81,1.83,2.07,2.57
2019-07-01,2.4,2.15,2.15,2.08,1.96,1.84,1.83,2.06,2.57
2019-08-01,2.13,2.07,1.99,1.93,1.77,1.57,1.49,1.63,2.12
2019-09-01,2.04,1.99,1.93,1.89,1.8,1.65,1.57,1.7,2.16
2019-10-01,1.83,1.73,1.68,1.67,1.61,1.55,1.53,1.71,2.19
2019-11-01,1.55,1.58,1.57,1.59,1.57,1.61,1.64,1.81,2.28
2019-12-01,1.55,1.55,1.57,1.58,1.55,1.61,1.68,1.86,2.3
2020-01-01,1.55,1.53,1.55,1.56,1.53,1.52,1.56,1.76,2.22
2020-02-01,1.58,1.58,1.54,1.51,1.41,1.33,1.32,1.5,1.97
2020-03-01,0.65,0.37,0.3,0.3,0.33,0.45,0.59,0.87,1.46
2020-04-01,0.05,0.11,0.14,0.17,0.18,0.22,0.39,0.66,1.27
2020-05-01,0.05,0.1,0.13,0.15,0.16,0.17,0.34,0.67,1.38
2020-06-01,0.08,0.13,0.16,0.18,0.18,0.19,0.34,0.73,1.49
2020-07-01,0.09,0.11,0.13,0.14,0.15,0.15,0.28,0.62,1.31
2020-08-01,0.1,0.08,0.1,0.12,0.13,0.14,0.27,0.65,1.36
2020-09-01,0.09,0.09,0.11,0.12,0.13,0.13,0.27,0.68,1.42
2020-10-01,0.09,0.09,0.1,0.11,0.13,0.15,0.34,0.79,1.57
2020-11-01,0.09,0.09,0.09,0.1,0.12,0.17,0.39,0.87,1.62
2020-12-01,0.09,0.08,0.09,0.09,0.1,0.14,0.39,0.93,1.67
2021-01-01,0.09,0.08,0.08,0.09,0.1,0.13,0.45,1.08,1.82
2021-02-01,0.08,0.04,0.04,0.06,0.07,0.12,0.54,1.26,2.04
2021-03-01,0.07,0.02,0.03,0.05,0.08,0.15,0.82,1.61,2.34
2021-04-01,0.07,0.02,0.02,0.04,0.06,0.16,0.86,1.64,2.3
2021-05-01,0.06,0.01,0.02,0.04,0.05,0.16,0.82,1.62,2.32
2021-06-01,0.08,0.03,0.04,0.05,0.07,0.2,0.84,1.52,2.16
2021-07-01,0.1,0.05,0.05,0.05,0.08,0.22,0.76,1.32,1.94
2021-08-01,0.09,0.04,0.05,0.06,0.07,0.22,0.77,1.28,1.92
2021-09-01,0.08,0.05,0.04,0.05,0.08,0.24,0.86,1.37,1.94
2021-10-01,0.08,0.06,0.05,0.06,0.11,0.39,1.11,1.58,2.06
2021-11-01,0.08,0.07,0.05,0.07,0.18,0.51,1.2,1.56,1.94
2021-12-01,0.08,0.04,0.06,0.15,0.3,0.68,1.23,1.47,1.85
2022-01-01,0.08,0.05,0.15,0.33,0.55,0.98,1.54,1.76,2.1
2022-02-01,0.08,0.04,0.31,0.64,1.0,1.44,1.81,1.93,2.25
2022-03-01,0.2,0.18,0.45,0.86,1.34,1.91,2.11,2.13,2.41
2022-04-01,0.33,0.31,0.76,1.26,1.89,2.54,2.78,2.75,2.81
2022-05-01,0.77,0.58,0.99,1.49,2.06,2.62,2.87,2.9,3.07
2022-06-01,1.21,1.06,1.54,2.17,2.65,3.0,3.19,3.14,3.25
2022-07-01,1.68,1.85,2.3,2.87,3.02,3.04,2.96,2.9,3.1
2022-08-01,2.33,2.28,2.72,3.15,3.28,3.25,3.03,2.9,3.13
2022-09-01,2.56,2.61,3.22,3.71,3.89,3.86,3.7,3.52,3.56
2022-10-01,3.08,3.32,3.87,4.31,4.43,4.38,4.18,3.98,4.04
2022-11-01,3.78,3.87,4.32,4.61,4.73,4.5,4.06,3.89,4.0
2022-12-01,4.1,3.9,4.36,4.71,4.68,4.29,3.76,3.62,3.66
2023-01-01,4.33,4.52,4.69,4.8,4.69,4.21,3.64,3.53,3.66
2023-02-01,4.57,4.64,4.79,4.97,4.93,4.53,3.94,3.75,3.8
2023-03-01,4.65,4.49,4.86,4.99,4.68,4.3,3.82,3.66,3.77
2023-04-01,4.83,4.17,5.07,4.99,4.68,4.02,3.54,3.46,3.68
2023-05-01,5.06,5.49,5.31,5.27,4.91,4.13,3.59,3.57,3.86
2023-06-01,5.08,5.2,5.42,5.42,5.24,4.64,3.95,3.75,3.87
2023-07-01,5.12,5.39,5.49,5.53,5.37,4.83,4.14,3.9,3.96
2023-08-01,5.33,5.54,5.56,5.54,5.37,4.9,4.31,4.17,4.28
2023-09-01,5.33,5.53,5.56,5.51,5.44,5.02,4.49,4.38,4.47
2023-10-01,5.33,5.57,5.6,5.57,5.42,5.07,4.77,4.8,4.95
2023-11-01,5.33,5.53,5.52,5.44,5.28,4.88,4.49,4.5,4.66
2023-12-01,5.33,5.54,5.44,5.34,4.96,4.46,4.0,4.02,4.14
2024-01-01,5.33,5.54,5.45,5.21,4.79,4.32,3.98,4.06,4.26
2024-02-01,5.33,5.49,5.44,5.28,4.92,4.54,4.19,4.21,4.38
2024-03-01,5.33,5.51,5.47,5.36,4.99,4.59,4.2,4.21,4.36
2024-04-01,5.33,5.48,5.44,5.38,5.14,4.87,4.56,4.54,4.66
2024-05-01,5.33,5.5,5.46,5.42,5.16,4.86,4.5,4.48,4.62
2024-06-01,5.33,5.46,5.51,5.37,5.11,4.74,4.32,4.31,4.44
2024-07-01,5.33,5.48,5.43,5.25,4.9,4.5,4.16,4.25,4.46
2024-08-01,5.33,5.5,5.3,4.96,4.43,3.97,3.71,3.87,4.15
2024-09-01,5.13,5.06,4.92,4.55,4.03,3.62,3.5,3.72,4.04
2024-10-01,4.83,4.92,4.72,4.44,4.2,3.97,3.91,4.1,4.38
2024-11-01,4.64,4.71,4.62,4.43,4.33,4.26,4.23,4.36,4.54
2024-12-01,4.48,4.5,4.39,4.32,4.23,4.23,4.25,4.39,4.58
2025-01-01,4.33,4.42,4.34,4.26,4.18,4.27,4.43,4.63,4.85
2025-02-01,4.33,4.37,4.33,4.3,4.19,4.21,4.28,4.45,4.68
2025-03-01,4.33,4.37,4.34,4.27,4.06,3.97,4.04,4.28,4.6
2025-04-01,4.33,4.35,4.32,4.2,3.95,3.78,3.91,4.28,4.71
2025-05-01,4.33,4.37,4.36,4.3,4.09,3.92,4.02,4.42,4.9
2025-06-01,4.33,4.24,4.42,4.3,4.06,3.89,3.96,4.38,4.89
2025-07-01,4.33,4.37,4.41,4.31,4.08,3.88,3.95,4.39,4.92
2025-08-01,4.33,4.46,4.3,4.11,3.89,3.7,3.79,4.26,4.87
2025-09-01,4.22,4.24,4.07,3.84,3.66,3.57,3.66,4.12,4.74
2025-10-01,4.09,4.15,3.98,3.79,3.61,3.52,3.65,4.06,4.64
2025-11-01,3.88,4.03,3.94,3.78,3.66,3.55,3.67,4.09,4.7
2025-12-01,3.72,3.77,3.68,3.63,3.54,3.5,3.7,4.14,4.8
2026-01-01,3.64,3.73,3.67,3.59,3.51,3.54,3.78,4.21,4.84
2026-02-01,3.64,3.72,3.69,3.6,3.48,3.47,3.68,4.13,4.76
