date,Nonfarm Payroll,Total Private Payroll,Unemployment Rate,U-6 Underemployment Rate,Labor Force Participation Rate,Employment Level
1939-01-01,29923.0,25935.0,,,,
1939-02-01,30100.0,26099.0,,,,
1939-03-01,30280.0,26278.0,,,,
1939-04-01,30094.0,26092.0,,,,
1939-05-01,30299.0,26293.0,,,,
1939-06-01,30502.0,26499.0,,,,
1939-07-01,30419.0,26400.0,,,,
1939-08-01,30663.0,26617.0,,,,
1939-09-01,31031.0,26955.0,,,,
1939-10-01,31411.0,27322.0,,,,
1939-11-01,31470.0,27361.0,,,,
1939-12-01,31542.0,27408.0,,,,
1940-01-01,31603.0,27453.0,,,,
1940-02-01,31715.0,27565.0,,,,
1940-03-01,31825.0,27674.0,,,,
1940-04-01,31701.0,27549.0,,,,
1940-05-01,31879.0,27707.0,,,,
1940-06-01,31977.0,27759.0,,,,
1940-07-01,31942.0,27681.0,,,,
1940-08-01,32352.0,28070.0,,,,
1940-09-01,32810.0,28498.0,,,,
1940-10-01,33267.0,28914.0,,,,
1940-11-01,33669.0,29273.0,,,,
1940-12-01,34174.0,29759.0,,,,
1941-01-01,34481.0,30013.0,,,,
1941-02-01,34843.0,30339.0,,,,
1941-03-01,35092.0,30557.0,,,,
1941-04-01,35468.0,30883.0,,,,
1941-05-01,36182.0,31540.0,,,,
1941-06-01,36650.0,31949.0,,,,
1941-07-01,37137.0,32387.0,,,,
1941-08-01,37544.0,32723.0,,,,
1941-09-01,37835.0,32944.0,,,,
1941-10-01,37949.0,33042.0,,,,
1941-11-01,38024.0,33075.0,,,,
1941-12-01,38104.0,33133.0,,,,
1942-01-01,38347.0,33258.0,,,,
1942-02-01,38512.0,33366.0,,,,
1942-03-01,38935.0,33678.0,,,,
1942-04-01,39352.0,33995.0,,,,
1942-05-01,39771.0,34340.0,,,,
1942-06-01,40029.0,34519.0,,,,
1942-07-01,40472.0,34881.0,,,,
1942-08-01,40988.0,35174.0,,,,
1942-09-01,41259.0,35393.0,,,,
1942-10-01,41515.0,35559.0,,,,
1942-11-01,41674.0,35648.0,,,,
1942-12-01,41915.0,35843.0,,,,
1943-01-01,42172.0,36040.0,,,,
1943-02-01,42393.0,36170.0,,,,
1943-03-01,42552.0,36295.0,,,,
1943-04-01,42647.0,36380.0,,,,
1943-05-01,42596.0,36315.0,,,,
1943-06-01,42781.0,36457.0,,,,
1943-07-01,42700.0,36443.0,,,,
1943-08-01,42546.0,36395.0,,,,
1943-09-01,42492.0,36325.0,,,,
1943-10-01,42675.0,36505.0,,,,
1943-11-01,42821.0,36642.0,,,,
1943-12-01,42746.0,36475.0,,,,
1944-01-01,42654.0,36492.0,,,,
1944-02-01,42538.0,36409.0,,,,
1944-03-01,42294.0,36181.0,,,,
1944-04-01,42063.0,35951.0,,,,
1944-05-01,41985.0,35864.0,,,,
1944-06-01,41947.0,35800.0,,,,
1944-07-01,41904.0,35714.0,,,,
1944-08-01,41850.0,35646.0,,,,
1944-09-01,41679.0,35463.0,,,,
1944-10-01,41708.0,35485.0,,,,
1944-11-01,41711.0,35448.0,,,,
1944-12-01,41860.0,35485.0,,,,
1945-01-01,41895.0,35641.0,,,,
1945-02-01,41897.0,35658.0,,,,
1945-03-01,41798.0,35582.0,,,,
1945-04-01,41446.0,35261.0,,,,
1945-05-01,41304.0,35145.0,,,,
1945-06-01,41149.0,34968.0,,,,
1945-07-01,40874.0,34689.0,,,,
1945-08-01,40466.0,34331.0,,,,
1945-09-01,38507.0,32565.0,,,,
1945-10-01,38600.0,32746.0,,,,
1945-11-01,38996.0,33166.0,,,,
1945-12-01,39110.0,33299.0,,,,
1946-01-01,39829.0,34044.0,,,,
1946-02-01,39244.0,33466.0,,,,
1946-03-01,40195.0,34437.0,,,,
1946-04-01,40913.0,35152.0,,,,
1946-05-01,41349.0,35617.0,,,,
1946-06-01,41735.0,36055.0,,,,
1946-07-01,42153.0,36471.0,,,,
1946-08-01,42642.0,36961.0,,,,
1946-09-01,42915.0,37246.0,,,,
1946-10-01,43093.0,37429.0,,,,
1946-11-01,43395.0,37756.0,,,,
1946-12-01,43379.0,37751.0,,,,
1947-01-01,43535.0,37916.0,,,,
1947-02-01,43557.0,37951.0,,,,
1947-03-01,43607.0,38019.0,,,,
1947-04-01,43499.0,37941.0,,,,
1947-05-01,43638.0,38087.0,,,,
1947-06-01,43810.0,38286.0,,,,
1947-07-01,43743.0,38219.0,,,,
1947-08-01,43960.0,38441.0,,,,
1947-09-01,44203.0,38664.0,,,,
1947-10-01,44411.0,38845.0,,,,
1947-11-01,44484.0,38899.0,,,,
1947-12-01,44581.0,38976.0,,,,
1948-01-01,44679.0,39055.0,3.4,,58.6,58061.0
1948-02-01,44533.0,38918.0,3.8,,58.9,58196.0
1948-03-01,44683.0,39060.0,4.0,,58.5,57671.0
1948-04-01,44379.0,38736.0,3.9,,59.0,58291.0
1948-05-01,44796.0,39115.0,3.5,,58.3,57854.0
1948-06-01,45034.0,39298.0,3.6,,59.2,58743.0
1948-07-01,45160.0,39386.0,3.6,,59.3,58968.0
1948-08-01,45178.0,39387.0,3.9,,58.9,58456.0
1948-09-01,45294.0,39489.0,3.8,,58.9,58513.0
1948-10-01,45245.0,39416.0,3.7,,58.7,58387.0
1948-11-01,45192.0,39323.0,3.8,,58.7,58417.0
1948-12-01,45032.0,39144.0,4.0,,59.1,58740.0
1949-01-01,44668.0,38774.0,4.3,,58.7,58175.0
1949-02-01,44497.0,38604.0,4.7,,59.0,58208.0
1949-03-01,44240.0,38325.0,5.0,,58.9,58043.0
1949-04-01,44236.0,38288.0,5.3,,58.8,57747.0
1949-05-01,43984.0,38022.0,6.1,,59.0,57552.0
1949-06-01,43739.0,37783.0,6.2,,58.6,57172.0
1949-07-01,43531.0,37569.0,6.7,,58.9,57190.0
1949-08-01,43624.0,37639.0,6.8,,59.2,57397.0
1949-09-01,43780.0,37790.0,6.6,,59.1,57584.0
1949-10-01,42942.0,36972.0,7.9,,59.6,57269.0
1949-11-01,43242.0,37292.0,6.4,,59.4,58009.0
1949-12-01,43522.0,37570.0,6.6,,59.2,57845.0
1950-01-01,43526.0,37592.0,6.5,,58.9,57635.0
1950-02-01,43297.0,37371.0,6.4,,58.9,57751.0
1950-03-01,43954.0,37876.0,6.3,,58.8,57728.0
1950-04-01,44382.0,38288.0,5.8,,59.2,58583.0
1950-05-01,44718.0,38675.0,5.5,,59.1,58649.0
1950-06-01,45083.0,39061.0,5.4,,59.4,59052.0
1950-07-01,45454.0,39364.0,5.0,,59.1,59001.0
1950-08-01,46192.0,40005.0,4.5,,59.5,59797.0
1950-09-01,46438.0,40210.0,4.4,,59.2,59575.0
1950-10-01,46706.0,40457.0,4.2,,59.4,59803.0
1950-11-01,46776.0,40514.0,4.2,,59.3,59697.0
1950-12-01,46861.0,40547.0,4.3,,59.2,59429.0
1951-01-01,47288.0,40936.0,3.7,,59.1,59636.0
1951-02-01,47577.0,41195.0,3.4,,59.1,59661.0
1951-03-01,47873.0,41463.0,3.4,,59.8,60401.0
1951-04-01,47861.0,41410.0,3.1,,59.1,59889.0
1951-05-01,47952.0,41535.0,3.0,,59.4,60188.0
1951-06-01,48064.0,41565.0,3.2,,59.0,59620.0
1951-07-01,48061.0,41523.0,3.1,,59.4,60156.0
1951-08-01,48012.0,41493.0,3.1,,59.2,59994.0
1951-09-01,47954.0,41402.0,3.3,,59.1,59713.0
1951-10-01,48006.0,41429.0,3.5,,59.4,60010.0
1951-11-01,48147.0,41521.0,3.5,,59.2,59836.0
1951-12-01,48314.0,41626.0,3.1,,59.6,60497.0
1952-01-01,48296.0,41707.0,3.2,,59.5,60460.0
1952-02-01,48522.0,41872.0,3.1,,59.5,60462.0
1952-03-01,48504.0,41842.0,2.9,,58.9,59908.0
1952-04-01,48620.0,41958.0,2.9,,58.8,59909.0
1952-05-01,48642.0,41948.0,3.0,,59.1,60195.0
1952-06-01,48282.0,41570.0,3.0,,59.1,60219.0
1952-07-01,48143.0,41406.0,3.2,,58.9,59971.0
1952-08-01,48924.0,42206.0,3.4,,58.7,59790.0
1952-09-01,49320.0,42586.0,3.1,,59.2,60521.0
1952-10-01,49597.0,42781.0,3.0,,58.7,60132.0
1952-11-01,49816.0,43015.0,2.8,,59.1,60748.0
1952-12-01,50166.0,43231.0,2.7,,59.2,60954.0
1953-01-01,50144.0,43350.0,2.9,,59.5,61600.0
1953-02-01,50339.0,43542.0,2.6,,59.5,61884.0
1953-03-01,50473.0,43689.0,2.6,,59.6,62010.0
1953-04-01,50435.0,43665.0,2.7,,59.1,61444.0
1953-05-01,50490.0,43773.0,2.5,,58.6,61019.0
1953-06-01,50519.0,43785.0,2.5,,58.9,61456.0
1953-07-01,50536.0,43813.0,2.6,,58.9,61397.0
1953-08-01,50489.0,43735.0,2.7,,58.6,61151.0
1953-09-01,50368.0,43619.0,2.9,,58.5,60906.0
1953-10-01,50240.0,43476.0,3.1,,58.5,60893.0
1953-11-01,49908.0,43159.0,3.5,,58.6,60738.0
1953-12-01,49703.0,42960.0,4.5,,58.3,59977.0
1954-01-01,49469.0,42709.0,4.9,,58.6,60024.0
1954-02-01,49382.0,42599.0,5.2,,59.3,60663.0
1954-03-01,49157.0,42361.0,5.7,,59.1,60186.0
1954-04-01,49179.0,42373.0,5.9,,59.2,60185.0
1954-05-01,48965.0,42136.0,5.9,,58.9,59908.0
1954-06-01,48895.0,42049.0,5.6,,58.5,59792.0
1954-07-01,48835.0,41967.0,5.8,,58.4,59643.0
1954-08-01,48826.0,41934.0,6.0,,58.7,59853.0
1954-09-01,48886.0,41992.0,6.1,,59.2,60282.0
1954-10-01,48942.0,42042.0,5.7,,58.8,60270.0
1954-11-01,49180.0,42216.0,5.3,,58.6,60357.0
1954-12-01,49331.0,42374.0,5.0,,58.1,60116.0
1955-01-01,49496.0,42543.0,4.9,,58.6,60753.0
1955-02-01,49644.0,42721.0,4.7,,58.4,60727.0
1955-03-01,49962.0,43024.0,4.6,,58.5,60964.0
1955-04-01,50248.0,43289.0,4.7,,59.0,61515.0
1955-05-01,50512.0,43521.0,4.3,,58.8,61634.0
1955-06-01,50790.0,43770.0,4.2,,58.8,61781.0
1955-07-01,50987.0,43938.0,4.0,,59.3,62513.0
1955-08-01,51111.0,44088.0,4.2,,59.7,62797.0
1955-09-01,51266.0,44199.0,4.1,,59.7,62950.0
1955-10-01,51429.0,44311.0,4.3,,59.8,62991.0
1955-11-01,51592.0,44509.0,4.2,,59.9,63257.0
1955-12-01,51805.0,44673.0,4.2,,60.2,63684.0
1956-01-01,51975.0,44808.0,4.0,,60.2,63753.0
1956-02-01,52167.0,44955.0,3.9,,59.9,63518.0
1956-03-01,52294.0,45042.0,4.2,,59.8,63411.0
1956-04-01,52375.0,45099.0,4.0,,59.9,63614.0
1956-05-01,52506.0,45139.0,4.3,,60.2,63861.0
1956-06-01,52586.0,45219.0,4.3,,60.1,63820.0
1956-07-01,51955.0,44550.0,4.4,,60.1,63800.0
1956-08-01,52631.0,45180.0,4.1,,60.0,63972.0
1956-09-01,52604.0,45123.0,3.9,,60.0,64079.0
1956-10-01,52777.0,45258.0,3.9,,59.8,63975.0
1956-11-01,52821.0,45268.0,4.3,,59.8,63796.0
1956-12-01,52929.0,45345.0,4.2,,59.8,63910.0
1957-01-01,52887.0,45267.0,4.2,,59.5,63632.0
1957-02-01,53097.0,45451.0,3.9,,59.9,64257.0
1957-03-01,53156.0,45484.0,3.7,,59.8,64404.0
1957-04-01,53238.0,45537.0,3.9,,59.5,64047.0
1957-05-01,53150.0,45437.0,4.1,,59.5,63985.0
1957-06-01,53067.0,45365.0,4.3,,59.8,64196.0
1957-07-01,53123.0,45369.0,4.2,,60.0,64540.0
1957-08-01,53128.0,45371.0,4.1,,59.3,63959.0
1957-09-01,52934.0,45185.0,4.4,,59.6,64121.0
1957-10-01,52763.0,44995.0,4.5,,59.5,64046.0
1957-11-01,52558.0,44789.0,5.1,,59.5,63669.0
1957-12-01,52384.0,44538.0,5.2,,59.6,63922.0
1958-01-01,52076.0,44255.0,5.8,,59.3,63220.0
1958-02-01,51576.0,43744.0,6.4,,59.3,62898.0
1958-03-01,51299.0,43451.0,6.7,,59.3,62731.0
1958-04-01,51027.0,43159.0,7.4,,59.6,62631.0
1958-05-01,50914.0,43020.0,7.4,,59.8,62874.0
1958-06-01,50914.0,42988.0,7.3,,59.5,62730.0
1958-07-01,51039.0,43067.0,7.5,,59.6,62745.0
1958-08-01,51233.0,43221.0,7.4,,59.8,63012.0
1958-09-01,51506.0,43490.0,7.1,,59.7,63181.0
1958-10-01,51485.0,43454.0,6.7,,59.6,63475.0
1958-11-01,51944.0,43916.0,6.2,,59.2,63470.0
1958-12-01,52085.0,43985.0,6.2,,59.2,63549.0
1959-01-01,52478.0,44373.0,6.0,,59.3,63868.0
1959-02-01,52688.0,44572.0,5.9,,59.0,63684.0
1959-03-01,53014.0,44882.0,5.6,,59.3,64267.0
1959-04-01,53321.0,45179.0,5.2,,59.4,64768.0
1959-05-01,53550.0,45397.0,5.1,,59.2,64699.0
1959-06-01,53681.0,45538.0,5.0,,59.2,64849.0
1959-07-01,53804.0,45631.0,5.1,,59.4,65011.0
1959-08-01,53336.0,45155.0,5.2,,59.2,64844.0
1959-09-01,53428.0,45189.0,5.5,,59.3,64770.0
1959-10-01,53358.0,45093.0,5.7,,59.4,64911.0
1959-11-01,53634.0,45350.0,5.8,,59.1,64530.0
1959-12-01,54174.0,45806.0,5.3,,59.5,65341.0
1960-01-01,54274.0,45967.0,5.2,,59.1,65347.0
1960-02-01,54513.0,46187.0,4.8,,59.1,65620.0
1960-03-01,54454.0,45929.0,5.4,,58.5,64673.0
1960-04-01,54813.0,46279.0,5.2,,59.5,65959.0
1960-05-01,54475.0,46043.0,5.1,,59.5,66057.0
1960-06-01,54348.0,45916.0,5.4,,59.7,66168.0
1960-07-01,54306.0,45864.0,5.5,,59.5,65909.0
1960-08-01,54272.0,45800.0,5.6,,59.5,65895.0
1960-09-01,54227.0,45733.0,5.5,,59.7,66267.0
1960-10-01,54142.0,45640.0,6.1,,59.4,65632.0
1960-11-01,53961.0,45445.0,6.1,,59.8,66109.0
1960-12-01,53742.0,45145.0,6.6,,59.7,65778.0
1961-01-01,53683.0,45119.0,6.6,,59.6,65776.0
1961-02-01,53557.0,44970.0,6.9,,59.6,65588.0
1961-03-01,53659.0,45048.0,6.9,,59.7,65850.0
1961-04-01,53627.0,44998.0,7.0,,59.3,65374.0
1961-05-01,53786.0,45122.0,7.1,,59.4,65449.0
1961-06-01,53977.0,45289.0,6.9,,59.7,65993.0
1961-07-01,54123.0,45399.0,7.0,,59.3,65608.0
1961-08-01,54298.0,45534.0,6.6,,59.3,65852.0
1961-09-01,54388.0,45592.0,6.7,,59.0,65541.0
1961-10-01,54522.0,45717.0,6.5,,59.1,65919.0
1961-11-01,54742.0,45930.0,6.1,,59.1,66081.0
1961-12-01,54872.0,46036.0,6.0,,58.8,65900.0
1962-01-01,54891.0,46040.0,5.8,,58.8,66108.0
1962-02-01,55188.0,46310.0,5.5,,59.0,66538.0
1962-03-01,55275.0,46374.0,5.6,,58.9,66493.0
1962-04-01,55602.0,46680.0,5.6,,58.7,66372.0
1962-05-01,55628.0,46670.0,5.5,,58.9,66688.0
1962-06-01,55644.0,46644.0,5.5,,58.8,66670.0
1962-07-01,55746.0,46720.0,5.4,,58.5,66483.0
1962-08-01,55838.0,46775.0,5.7,,59.0,66968.0
1962-09-01,55978.0,46889.0,5.6,,59.0,67192.0
1962-10-01,56041.0,46927.0,5.4,,58.7,67114.0
1962-11-01,56056.0,46911.0,5.7,,58.5,66847.0
1962-12-01,56028.0,46902.0,5.5,,58.4,66947.0
1963-01-01,56115.0,46911.0,5.7,,58.6,67072.0
1963-02-01,56230.0,46999.0,5.9,,58.6,67024.0
1963-03-01,56320.0,47075.0,5.7,,58.6,67351.0
1963-04-01,56580.0,47316.0,5.7,,58.8,67642.0
1963-05-01,56616.0,47328.0,5.9,,58.8,67615.0
1963-06-01,56659.0,47357.0,5.6,,58.5,67649.0
1963-07-01,56794.0,47460.0,5.6,,58.7,67905.0
1963-08-01,56910.0,47542.0,5.4,,58.5,67908.0
1963-09-01,57078.0,47661.0,5.5,,58.7,68174.0
1963-10-01,57283.0,47804.0,5.5,,58.8,68294.0
1963-11-01,57255.0,47771.0,5.7,,58.8,68267.0
1963-12-01,57361.0,47864.0,5.5,,58.5,68213.0
1964-01-01,57487.0,47925.0,5.6,,58.6,68327.0
1964-02-01,57753.0,48172.0,5.4,,58.8,68751.0
1964-03-01,57897.0,48286.0,5.4,,58.7,68763.0
1964-04-01,57922.0,48278.0,5.3,,59.1,69356.0
1964-05-01,58089.0,48419.0,5.1,,59.1,69631.0
1964-06-01,58219.0,48550.0,5.2,,58.7,69218.0
1964-07-01,58412.0,48735.0,4.9,,58.6,69399.0
1964-08-01,58619.0,48887.0,5.0,,58.6,69463.0
1964-09-01,58903.0,49117.0,5.1,,58.7,69578.0
1964-10-01,58793.0,48948.0,5.1,,58.6,69582.0
1964-11-01,59218.0,49339.0,4.8,,58.5,69735.0
1964-12-01,59421.0,49524.0,5.0,,58.6,69814.0
1965-01-01,59582.0,49645.0,4.9,,58.6,69997.0
1965-02-01,59800.0,49826.0,5.1,,58.7,70127.0
1965-03-01,60003.0,49993.0,4.7,,58.7,70439.0
1965-04-01,60259.0,50208.0,4.8,,58.8,70633.0
1965-05-01,60491.0,50397.0,4.6,,59.0,71034.0
1965-06-01,60690.0,50562.0,4.6,,58.8,71025.0
1965-07-01,60965.0,50764.0,4.4,,59.1,71460.0
1965-08-01,61228.0,50957.0,4.4,,58.9,71362.0
1965-09-01,61490.0,51152.0,4.3,,58.7,71286.0
1965-10-01,61719.0,51341.0,4.2,,58.9,71695.0
1965-11-01,61996.0,51560.0,4.1,,58.8,71724.0
1965-12-01,62322.0,51823.0,4.0,,59.0,72062.0
1966-01-01,62529.0,51988.0,4.0,,59.0,72198.0
1966-02-01,62796.0,52185.0,3.8,,58.8,72134.0
1966-03-01,63192.0,52500.0,3.8,,58.8,72188.0
1966-04-01,63437.0,52678.0,3.8,,59.0,72510.0
1966-05-01,63712.0,52891.0,3.9,,59.0,72497.0
1966-06-01,64111.0,53209.0,3.8,,59.1,72775.0
1966-07-01,64301.0,53327.0,3.8,,59.1,72860.0
1966-08-01,64507.0,53501.0,3.8,,59.3,73146.0
1966-09-01,64643.0,53580.0,3.7,,59.3,73258.0
1966-10-01,64854.0,53727.0,3.7,,59.3,73401.0
1966-11-01,65019.0,53816.0,3.6,,59.6,73840.0
1966-12-01,65199.0,53943.0,3.8,,59.5,73729.0
1967-01-01,65407.0,54092.0,3.9,,59.5,73671.0
1967-02-01,65429.0,54076.0,3.8,,59.3,73606.0
1967-03-01,65530.0,54133.0,3.8,,59.1,73439.0
1967-04-01,65466.0,54031.0,3.8,,59.4,73882.0
1967-05-01,65620.0,54146.0,3.8,,59.3,73844.0
1967-06-01,65750.0,54216.0,3.9,,59.6,74278.0
1967-07-01,65888.0,54344.0,3.8,,59.6,74520.0
1967-08-01,66143.0,54553.0,3.8,,59.7,74767.0
1967-09-01,66164.0,54541.0,3.8,,59.7,74854.0
1967-10-01,66225.0,54583.0,4.0,,59.9,75051.0
1967-11-01,66703.0,55008.0,3.9,,59.8,75125.0
1967-12-01,66900.0,55165.0,3.8,,59.9,75473.0
1968-01-01,66804.0,55010.0,3.7,,59.2,74700.0
1968-02-01,67215.0,55396.0,3.8,,59.6,75229.0
1968-03-01,67295.0,55453.0,3.7,,59.6,75379.0
1968-04-01,67556.0,55678.0,3.5,,59.5,75561.0
1968-05-01,67652.0,55747.0,3.5,,59.9,76107.0
1968-06-01,67905.0,55918.0,3.7,,60.0,76182.0
1968-07-01,68126.0,56108.0,3.7,,59.8,76087.0
1968-08-01,68330.0,56288.0,3.5,,59.6,76043.0
1968-09-01,68484.0,56417.0,3.4,,59.5,76172.0
1968-10-01,68721.0,56620.0,3.4,,59.5,76224.0
1968-11-01,68984.0,56877.0,3.4,,59.6,76494.0
1968-12-01,69248.0,57103.0,3.4,,59.7,76778.0
1969-01-01,69439.0,57230.0,3.4,,59.6,76805.0
1969-02-01,69699.0,57475.0,3.4,,60.0,77327.0
1969-03-01,69905.0,57676.0,3.4,,59.9,77367.0
1969-04-01,70072.0,57827.0,3.4,,60.0,77523.0
1969-05-01,70328.0,58044.0,3.4,,59.8,77412.0
1969-06-01,70636.0,58277.0,3.5,,60.1,77880.0
1969-07-01,70729.0,58389.0,3.5,,60.1,77959.0
1969-08-01,71008.0,58635.0,3.5,,60.3,78250.0
1969-09-01,70914.0,58535.0,3.7,,60.3,78250.0
1969-10-01,71121.0,58691.0,3.7,,60.4,78445.0
1969-11-01,71086.0,58638.0,3.5,,60.2,78541.0
1969-12-01,71241.0,58764.0,3.5,,60.2,78740.0
1970-01-01,71176.0,58680.0,3.9,,60.4,78780.0
1970-02-01,71305.0,58787.0,4.2,,60.4,78698.0
1970-03-01,71451.0,58848.0,4.4,,60.6,78863.0
1970-04-01,71348.0,58643.0,4.6,,60.6,78930.0
1970-05-01,71124.0,58456.0,4.8,,60.3,78564.0
1970-06-01,71029.0,58362.0,4.9,,60.2,78413.0
1970-07-01,71053.0,58356.0,5.0,,60.4,78726.0
1970-08-01,70937.0,58226.0,5.1,,60.3,78624.0
1970-09-01,70944.0,58203.0,5.4,,60.2,78498.0
1970-10-01,70521.0,57728.0,5.5,,60.4,78685.0
1970-11-01,70409.0,57579.0,5.9,,60.4,78650.0
1970-12-01,70792.0,57947.0,6.1,,60.4,78594.0
1971-01-01,70865.0,57987.0,5.9,,60.4,78864.0
1971-02-01,70807.0,57930.0,5.9,,60.1,78700.0
1971-03-01,70860.0,57952.0,6.0,,60.0,78588.0
1971-04-01,71036.0,58091.0,5.9,,60.1,78987.0
1971-05-01,71247.0,58277.0,5.9,,60.2,79139.0
1971-06-01,71254.0,58246.0,5.9,,59.8,78757.0
1971-07-01,71315.0,58304.0,6.0,,60.1,79305.0
1971-08-01,71373.0,58332.0,6.1,,60.2,79539.0
1971-09-01,71614.0,58546.0,6.0,,60.1,79689.0
1971-10-01,71642.0,58527.0,5.8,,60.1,79918.0
1971-11-01,71847.0,58699.0,6.0,,60.4,80297.0
1971-12-01,72109.0,58919.0,6.0,,60.4,80471.0
1972-01-01,72441.0,59175.0,5.8,,60.2,80959.0
1972-02-01,72648.0,59350.0,5.7,,60.2,81108.0
1972-03-01,72944.0,59615.0,5.8,,60.5,81573.0
1972-04-01,73162.0,59804.0,5.7,,60.4,81655.0
1972-05-01,73469.0,60053.0,5.7,,60.4,81887.0
1972-06-01,73758.0,60353.0,5.7,,60.4,82083.0
1972-07-01,73709.0,60227.0,5.6,,60.4,82230.0
1972-08-01,74141.0,60611.0,5.6,,60.6,82578.0
1972-09-01,74264.0,60689.0,5.5,,60.4,82543.0
1972-10-01,74674.0,61068.0,5.6,,60.3,82616.0
1972-11-01,74973.0,61330.0,5.3,,60.3,82990.0
1972-12-01,75268.0,61584.0,5.2,,60.5,83400.0
1973-01-01,75617.0,61927.0,4.9,,60.0,83161.0
1973-02-01,76014.0,62303.0,5.0,,60.5,83912.0
1973-03-01,76284.0,62539.0,4.9,,60.8,84452.0
1973-04-01,76455.0,62678.0,5.0,,60.8,84559.0
1973-05-01,76648.0,62831.0,4.9,,60.6,84648.0
1973-06-01,76887.0,63015.0,4.9,,60.9,85185.0
1973-07-01,76913.0,63048.0,4.8,,60.9,85299.0
1973-08-01,77168.0,63264.0,4.8,,60.7,85204.0
1973-09-01,77276.0,63384.0,4.8,,60.8,85488.0
1973-10-01,77607.0,63630.0,4.6,,60.9,85987.0
1973-11-01,77920.0,63885.0,4.8,,61.2,86320.0
1973-12-01,78031.0,63961.0,4.9,,61.2,86401.0
1974-01-01,78100.0,64010.0,5.1,,61.3,86555.0
1974-02-01,78254.0,64119.0,5.2,,61.4,86754.0
1974-03-01,78296.0,64144.0,5.1,,61.3,86819.0
1974-04-01,78382.0,64191.0,5.1,,61.1,86669.0
1974-05-01,78549.0,64328.0,5.1,,61.2,86891.0
1974-06-01,78604.0,64365.0,5.4,,61.2,86941.0
1974-07-01,78636.0,64348.0,5.5,,61.4,87149.0
1974-08-01,78619.0,64291.0,5.5,,61.2,87037.0
1974-09-01,78610.0,64188.0,5.9,,61.4,87051.0
1974-10-01,78630.0,64146.0,6.0,,61.3,86995.0
1974-11-01,78265.0,63733.0,6.6,,61.3,86626.0
1974-12-01,77652.0,63093.0,7.2,,61.2,86144.0
1975-01-01,77293.0,62669.0,8.1,,61.4,85627.0
1975-02-01,76918.0,62171.0,8.1,,61.0,85256.0
1975-03-01,76648.0,61894.0,8.6,,61.2,85187.0
1975-04-01,76460.0,61665.0,8.8,,61.3,85189.0
1975-05-01,76624.0,61797.0,9.0,,61.5,85451.0
1975-06-01,76521.0,61737.0,8.8,,61.2,85355.0
1975-07-01,76770.0,61909.0,8.6,,61.3,85894.0
1975-08-01,77153.0,62283.0,8.4,,61.3,86234.0
1975-09-01,77228.0,62404.0,8.4,,61.2,86279.0
1975-10-01,77540.0,62640.0,8.4,,61.2,86370.0
1975-11-01,77685.0,62782.0,8.3,,61.1,86456.0
1975-12-01,78017.0,63071.0,8.2,,61.1,86665.0
1976-01-01,78503.0,63534.0,7.9,,61.3,87400.0
1976-02-01,78816.0,63835.0,7.7,,61.3,87672.0
1976-03-01,79048.0,64061.0,7.6,,61.3,87985.0
1976-04-01,79292.0,64307.0,7.7,,61.6,88416.0
1976-05-01,79312.0,64341.0,7.4,,61.5,88794.0
1976-06-01,79376.0,64413.0,7.6,,61.5,88563.0
1976-07-01,79547.0,64554.0,7.8,,61.8,89093.0
1976-08-01,79704.0,64697.0,7.8,,61.8,89223.0
1976-09-01,79892.0,64921.0,7.6,,61.6,89173.0
1976-10-01,79911.0,64883.0,7.7,,61.6,89274.0
1976-11-01,80240.0,65167.0,7.8,,61.9,89634.0
1976-12-01,80448.0,65373.0,7.8,,61.8,89803.0
1977-01-01,80690.0,65634.0,7.5,,61.6,89928.0
1977-02-01,80988.0,65932.0,7.6,,61.9,90342.0
1977-03-01,81391.0,66341.0,7.4,,62.0,90808.0
1977-04-01,81728.0,66653.0,7.2,,62.1,91271.0
1977-05-01,82088.0,66956.0,7.0,,62.2,91754.0
1977-06-01,82488.0,67281.0,7.2,,62.4,91959.0
1977-07-01,82834.0,67535.0,6.9,,62.1,92084.0
1977-08-01,83075.0,67747.0,7.0,,62.3,92441.0
1977-09-01,83532.0,68129.0,6.8,,62.3,92702.0
1977-10-01,83800.0,68337.0,6.8,,62.4,93052.0
1977-11-01,84173.0,68658.0,6.8,,62.8,93761.0
1977-12-01,84410.0,68872.0,6.4,,62.7,94105.0
1978-01-01,84594.0,68983.0,6.4,,62.8,94384.0
1978-02-01,84948.0,69277.0,6.3,,62.7,94519.0
1978-03-01,85460.0,69729.0,6.3,,62.8,94755.0
1978-04-01,86162.0,70365.0,6.1,,63.0,95394.0
1978-05-01,86509.0,70675.0,6.0,,63.1,95769.0
1978-06-01,86950.0,71098.0,5.9,,63.3,96343.0
1978-07-01,87204.0,71303.0,6.2,,63.2,96090.0
1978-08-01,87483.0,71592.0,5.9,,63.2,96431.0
1978-09-01,87621.0,71802.0,6.0,,63.3,96670.0
1978-10-01,87956.0,72098.0,5.8,,63.3,97133.0
1978-11-01,88391.0,72497.0,5.9,,63.5,97485.0
1978-12-01,88671.0,72760.0,6.0,,63.6,97581.0
1979-01-01,88808.0,72871.0,5.9,,63.6,97948.0
1979-02-01,89055.0,73108.0,5.9,,63.8,98329.0
1979-03-01,89479.0,73523.0,5.8,,63.8,98480.0
1979-04-01,89417.0,73440.0,5.8,,63.5,98103.0
1979-05-01,89789.0,73799.0,5.6,,63.3,98331.0
1979-06-01,90108.0,74063.0,5.7,,63.5,98679.0
1979-07-01,90217.0,74067.0,5.7,,63.6,99006.0
1979-08-01,90300.0,74071.0,6.0,,63.6,98776.0
1979-09-01,90327.0,74199.0,5.9,,63.8,99340.0
1979-10-01,90481.0,74345.0,6.0,,63.7,99404.0
1979-11-01,90573.0,74400.0,5.9,,63.7,99574.0
1979-12-01,90672.0,74492.0,6.0,,63.9,99933.0
1980-01-01,90800.0,74599.0,6.3,,64.0,99879.0
1980-02-01,90883.0,74657.0,6.3,,64.0,99995.0
1980-03-01,90994.0,74698.0,6.3,,63.7,99713.0
1980-04-01,90849.0,74266.0,6.9,,63.8,99233.0
1980-05-01,90420.0,73966.0,7.5,,63.9,98945.0
1980-06-01,90101.0,73660.0,7.6,,63.7,98682.0
1980-07-01,89840.0,73422.0,7.8,,63.8,98796.0
1980-08-01,90099.0,73689.0,7.7,,63.7,98824.0
1980-09-01,90213.0,73883.0,7.5,,63.6,99077.0
1980-10-01,90490.0,74104.0,7.5,,63.7,99317.0
1980-11-01,90747.0,74356.0,7.5,,63.8,99545.0
1980-12-01,90943.0,74570.0,7.2,,63.6,99634.0
1981-01-01,91033.0,74673.0,7.5,,63.9,99955.0
1981-02-01,91105.0,74759.0,7.4,,63.9,100191.0
1981-03-01,91210.0,74918.0,7.4,,64.1,100571.0
1981-04-01,91283.0,75023.0,7.2,,64.2,101056.0
1981-05-01,91296.0,75098.0,7.5,,64.3,101048.0
1981-06-01,91490.0,75331.0,7.5,,63.7,100298.0
1981-07-01,91601.0,75426.0,7.2,,63.8,100693.0
1981-08-01,91565.0,75455.0,7.4,,63.8,100689.0
1981-09-01,91477.0,75446.0,7.6,,63.5,100064.0
1981-10-01,91380.0,75311.0,7.9,,63.8,100378.0
1981-11-01,91171.0,75093.0,8.3,,63.9,100207.0
1981-12-01,90895.0,74822.0,8.5,,63.6,99645.0
1982-01-01,90565.0,74524.0,8.6,,63.7,99692.0
1982-02-01,90563.0,74552.0,8.9,,63.8,99762.0
1982-03-01,90434.0,74410.0,9.0,,63.8,99672.0
1982-04-01,90150.0,74140.0,9.3,,63.9,99576.0
1982-05-01,90107.0,74104.0,9.4,,64.2,100116.0
1982-06-01,89865.0,73849.0,9.6,,63.9,99543.0
1982-07-01,89521.0,73631.0,9.8,,64.0,99493.0
1982-08-01,89363.0,73433.0,9.8,,64.1,99633.0
1982-09-01,89183.0,73260.0,10.1,,64.1,99504.0
1982-10-01,88907.0,72951.0,10.4,,64.1,99215.0
1982-11-01,88786.0,72809.0,10.8,,64.2,99112.0
1982-12-01,88771.0,72790.0,10.8,,64.1,99032.0
1983-01-01,88990.0,72967.0,10.4,,63.9,99161.0
1983-02-01,88917.0,72913.0,10.4,,63.8,99089.0
1983-03-01,89090.0,73085.0,10.3,,63.7,99179.0
1983-04-01,89364.0,73374.0,10.2,,63.8,99560.0
1983-05-01,89644.0,73639.0,10.1,,63.7,99642.0
1983-06-01,90021.0,74001.0,10.1,,64.3,100633.0
1983-07-01,90437.0,74426.0,9.4,,64.1,101208.0
1983-08-01,90129.0,74113.0,9.5,,64.3,101608.0
1983-09-01,91247.0,75205.0,9.2,,64.3,102016.0
1983-10-01,91520.0,75534.0,8.8,,64.0,102039.0
1983-11-01,91875.0,75878.0,8.5,,64.1,102729.0
1983-12-01,92230.0,76222.0,8.3,,64.1,102996.0
1984-01-01,92673.0,76663.0,8.0,,63.9,103201.0
1984-02-01,93157.0,77132.0,7.8,,64.1,103824.0
1984-03-01,93429.0,77399.0,7.8,,64.1,103967.0
1984-04-01,93792.0,77717.0,7.7,,64.3,104336.0
1984-05-01,94098.0,77995.0,7.4,,64.5,105193.0
1984-06-01,94479.0,78352.0,7.2,,64.6,105591.0
1984-07-01,94789.0,78617.0,7.5,,64.6,105435.0
1984-08-01,95032.0,78808.0,7.5,,64.4,105163.0
1984-09-01,95344.0,79089.0,7.3,,64.4,105490.0
1984-10-01,95629.0,79355.0,7.4,,64.4,105638.0
1984-11-01,95982.0,79671.0,7.2,,64.5,105972.0
1984-12-01,96107.0,79825.0,7.3,,64.6,106223.0
1985-01-01,96372.0,80036.0,7.3,,64.7,106302.0
1985-02-01,96503.0,80154.0,7.2,,64.7,106555.0
1985-03-01,96842.0,80447.0,7.2,,64.9,106989.0
1985-04-01,97038.0,80608.0,7.3,,64.9,106936.0
1985-05-01,97312.0,80838.0,7.2,,64.8,106932.0
1985-06-01,97459.0,80961.0,7.4,,64.6,106505.0
1985-07-01,97648.0,81028.0,7.4,,64.7,106807.0
1985-08-01,97840.0,81221.0,7.1,,64.6,107095.0
1985-09-01,98045.0,81407.0,7.1,,64.9,107657.0
1985-10-01,98233.0,81579.0,7.1,,65.0,107847.0
1985-11-01,98443.0,81769.0,7.0,,64.9,108007.0
1985-12-01,98609.0,81915.0,7.0,,65.0,108216.0
1986-01-01,98732.0,82017.0,6.7,,64.9,108887.0
1986-02-01,98847.0,82088.0,7.2,,65.0,108480.0
1986-03-01,98934.0,82179.0,7.2,,65.1,108837.0
1986-04-01,99121.0,82356.0,7.1,,65.1,108952.0
1986-05-01,99248.0,82458.0,7.2,,65.2,109089.0
1986-06-01,99155.0,82376.0,7.2,,65.4,109576.0
1986-07-01,99473.0,82694.0,7.0,,65.4,109810.0
1986-08-01,99588.0,82788.0,6.9,,65.3,110015.0
1986-09-01,99934.0,83024.0,7.0,,65.4,110085.0
1986-10-01,100121.0,83152.0,7.0,,65.4,110273.0
1986-11-01,100308.0,83303.0,6.9,,65.4,110475.0
1986-12-01,100509.0,83488.0,6.6,,65.3,110728.0
1987-01-01,100678.0,83633.0,6.6,,65.4,110953.0
1987-02-01,100919.0,83883.0,6.6,,65.5,111257.0
1987-03-01,101164.0,84100.0,6.6,,65.5,111408.0
1987-04-01,101499.0,84390.0,6.3,,65.4,111794.0
1987-05-01,101728.0,84616.0,6.3,,65.7,112434.0
1987-06-01,101900.0,84776.0,6.2,,65.5,112246.0
1987-07-01,102247.0,85087.0,6.1,,65.6,112634.0
1987-08-01,102420.0,85248.0,6.0,,65.7,113057.0
1987-09-01,102647.0,85512.0,5.9,,65.5,112909.0
1987-10-01,103138.0,85869.0,6.0,,65.7,113282.0
1987-11-01,103372.0,86073.0,5.8,,65.7,113505.0
1987-12-01,103661.0,86314.0,5.7,,65.7,113793.0
1988-01-01,103753.0,86388.0,5.7,,65.8,114016.0
1988-02-01,104214.0,86825.0,5.7,,65.9,114227.0
1988-03-01,104489.0,87042.0,5.7,,65.7,114037.0
1988-04-01,104732.0,87280.0,5.4,,65.8,114650.0
1988-05-01,104962.0,87481.0,5.6,,65.7,114292.0
1988-06-01,105326.0,87811.0,5.4,,65.8,114927.0
1988-07-01,105550.0,88056.0,5.4,,65.9,115060.0
1988-08-01,105674.0,88130.0,5.6,,66.1,115282.0
1988-09-01,106013.0,88379.0,5.4,,65.9,115356.0
1988-10-01,106276.0,88606.0,5.4,,66.0,115638.0
1988-11-01,106617.0,88871.0,5.3,,66.2,116100.0
1988-12-01,106898.0,89162.0,5.3,,66.1,116104.0
1989-01-01,107161.0,89387.0,5.4,,66.5,116708.0
1989-02-01,107427.0,89615.0,5.2,,66.3,116776.0
1989-03-01,107621.0,89799.0,5.0,,66.3,117022.0
1989-04-01,107791.0,89951.0,5.2,,66.4,117097.0
1989-05-01,107913.0,90037.0,5.2,,66.3,117099.0
1989-06-01,108027.0,90115.0,5.3,,66.5,117418.0
1989-07-01,108069.0,90164.0,5.2,,66.5,117472.0
1989-08-01,108120.0,90131.0,5.2,,66.5,117655.0
1989-09-01,108369.0,90342.0,5.3,,66.4,117354.0
1989-10-01,108476.0,90443.0,5.3,,66.5,117581.0
1989-11-01,108752.0,90695.0,5.4,,66.6,117912.0
1989-12-01,108836.0,90761.0,5.4,,66.5,117830.0
1990-01-01,109196.0,91045.0,5.4,,66.8,119081.0
1990-02-01,109436.0,91259.0,5.3,,66.7,119059.0
1990-03-01,109640.0,91346.0,5.2,,66.7,119203.0
1990-04-01,109674.0,91297.0,5.4,,66.6,118852.0
1990-05-01,109828.0,91229.0,5.4,,66.6,119151.0
1990-06-01,109850.0,91294.0,5.2,,66.4,118983.0
1990-07-01,109815.0,91255.0,5.5,,66.5,118810.0
1990-08-01,109607.0,91150.0,5.7,,66.5,118802.0
1990-09-01,109522.0,91085.0,5.9,,66.4,118524.0
1990-10-01,109377.0,90934.0,5.9,,66.4,118536.0
1990-11-01,109222.0,90772.0,6.2,,66.4,118306.0
1990-12-01,109168.0,90700.0,6.3,,66.4,118241.0
1991-01-01,109058.0,90584.0,6.4,,66.2,117940.0
1991-02-01,108735.0,90253.0,6.6,,66.2,117755.0
1991-03-01,108568.0,90080.0,6.8,,66.3,117652.0
1991-04-01,108350.0,89865.0,6.7,,66.4,118109.0
1991-05-01,108253.0,89755.0,6.9,,66.2,117440.0
1991-06-01,108330.0,89769.0,6.9,,66.2,117639.0
1991-07-01,108290.0,89692.0,6.8,,66.1,117568.0
1991-08-01,108300.0,89733.0,6.9,,66.0,117484.0
1991-09-01,108335.0,89792.0,6.9,,66.2,117928.0
1991-10-01,108361.0,89768.0,7.0,,66.1,117800.0
1991-11-01,108300.0,89673.0,7.0,,66.1,117770.0
1991-12-01,108330.0,89689.0,7.3,,66.0,117466.0
1992-01-01,108365.0,89677.0,7.3,,66.3,117978.0
1992-02-01,108312.0,89623.0,7.4,,66.2,117753.0
1992-03-01,108367.0,89652.0,7.4,,66.4,118144.0
1992-04-01,108516.0,89777.0,7.4,,66.5,118426.0
1992-05-01,108646.0,89893.0,7.6,,66.6,118375.0
1992-06-01,108706.0,89944.0,7.8,,66.7,118419.0
1992-07-01,108793.0,89976.0,7.7,,66.7,118713.0
1992-08-01,108916.0,90033.0,7.6,,66.6,118826.0
1992-09-01,108951.0,90122.0,7.6,,66.5,118720.0
1992-10-01,109139.0,90311.0,7.3,,66.2,118628.0
1992-11-01,109283.0,90442.0,7.4,,66.3,118876.0
1992-12-01,109502.0,90624.0,7.4,,66.3,118997.0
1993-01-01,109790.0,90889.0,7.3,,66.2,119075.0
1993-02-01,110047.0,91145.0,7.1,,66.2,119275.0
1993-03-01,110004.0,91097.0,7.0,,66.2,119542.0
1993-04-01,110300.0,91362.0,7.1,,66.1,119474.0
1993-05-01,110571.0,91620.0,7.1,,66.4,120115.0
1993-06-01,110742.0,91773.0,7.0,,66.5,120290.0
1993-07-01,111054.0,91994.0,6.9,,66.4,120467.0
1993-08-01,111200.0,92172.0,6.8,,66.4,120856.0
1993-09-01,111448.0,92407.0,6.7,,66.2,120554.0
1993-10-01,111734.0,92692.0,6.8,,66.3,120823.0
1993-11-01,111987.0,92919.0,6.6,,66.3,121169.0
1993-12-01,112325.0,93216.0,6.5,,66.4,121464.0
1994-01-01,112601.0,93454.0,6.6,11.7,66.6,121966.0
1994-02-01,112782.0,93632.0,6.6,11.4,66.6,122086.0
1994-03-01,113245.0,94055.0,6.5,11.5,66.5,121930.0
1994-04-01,113589.0,94366.0,6.4,11.3,66.5,122290.0
1994-05-01,113922.0,94658.0,6.1,10.9,66.6,122864.0
1994-06-01,114239.0,94965.0,6.1,11.0,66.4,122634.0
1994-07-01,114608.0,95307.0,6.1,10.8,66.4,122706.0
1994-08-01,114902.0,95596.0,6.0,10.6,66.6,123342.0
1994-09-01,115246.0,95909.0,5.9,10.4,66.6,123687.0
1994-10-01,115457.0,96113.0,5.8,10.4,66.7,124112.0
1994-11-01,115867.0,96500.0,5.6,10.1,66.7,124516.0
1994-12-01,116174.0,96786.0,5.5,10.1,66.7,124721.0
1995-01-01,116505.0,97108.0,5.6,10.1,66.8,124663.0
1995-02-01,116694.0,97287.0,5.4,9.9,66.8,124928.0
1995-03-01,116908.0,97481.0,5.4,9.9,66.7,124955.0
1995-04-01,117066.0,97632.0,5.8,10.1,66.9,124945.0
1995-05-01,117046.0,97628.0,5.6,10.1,66.5,124421.0
1995-06-01,117291.0,97846.0,5.6,10.1,66.5,124522.0
1995-07-01,117382.0,97945.0,5.7,10.1,66.6,124816.0
1995-08-01,117646.0,98217.0,5.7,10.1,66.6,124852.0
1995-09-01,117873.0,98443.0,5.6,10.2,66.6,125133.0
1995-10-01,118026.0,98562.0,5.5,10.0,66.6,125388.0
1995-11-01,118165.0,98702.0,5.6,10.1,66.5,125188.0
1995-12-01,118325.0,98859.0,5.6,10.0,66.4,125088.0
1996-01-01,118317.0,98867.0,5.6,9.8,66.4,125125.0
1996-02-01,118738.0,99253.0,5.5,10.0,66.6,125639.0
1996-03-01,118992.0,99460.0,5.5,9.9,66.6,125862.0
1996-04-01,119158.0,99643.0,5.6,10.0,66.7,125994.0
1996-05-01,119497.0,99968.0,5.6,9.8,66.7,126244.0
1996-06-01,119770.0,100242.0,5.3,9.7,66.7,126602.0
1996-07-01,120019.0,100472.0,5.5,9.7,66.9,126947.0
1996-08-01,120198.0,100694.0,5.1,9.4,66.7,127172.0
1996-09-01,120400.0,100833.0,5.2,9.5,66.9,127536.0
1996-10-01,120665.0,101111.0,5.2,9.5,67.0,127890.0
1996-11-01,120947.0,101382.0,5.4,9.4,67.0,127771.0
1996-12-01,121143.0,101572.0,5.4,9.6,67.0,127860.0
1997-01-01,121356.0,101763.0,5.3,9.4,67.0,128298.0
1997-02-01,121673.0,102075.0,5.2,9.3,66.9,128298.0
1997-03-01,121991.0,102383.0,5.2,9.1,67.1,128891.0
1997-04-01,122289.0,102686.0,5.1,9.3,67.1,129143.0
1997-05-01,122560.0,102959.0,4.9,8.9,67.1,129464.0
1997-06-01,122816.0,103156.0,5.0,8.9,67.1,129412.0
1997-07-01,123114.0,103428.0,4.9,8.7,67.2,129822.0
1997-08-01,123087.0,103470.0,4.8,8.7,67.2,130010.0
1997-09-01,123575.0,103896.0,4.9,8.7,67.1,130019.0
1997-10-01,123924.0,104186.0,4.7,8.5,67.1,130179.0
1997-11-01,124225.0,104464.0,4.6,8.4,67.2,130653.0
1997-12-01,124549.0,104783.0,4.7,8.5,67.2,130679.0
1998-01-01,124806.0,105036.0,4.6,8.4,67.1,130726.0
1998-02-01,125017.0,105231.0,4.6,8.3,67.1,130807.0
1998-03-01,125165.0,105373.0,4.7,8.4,67.1,130814.0
1998-04-01,125445.0,105629.0,4.3,8.0,67.0,131209.0
1998-05-01,125845.0,105970.0,4.4,8.0,67.0,131325.0
1998-06-01,126076.0,106197.0,4.5,8.1,67.0,131244.0
1998-07-01,126212.0,106282.0,4.5,8.2,67.0,131329.0
1998-08-01,126546.0,106587.0,4.5,7.9,67.0,131390.0
1998-09-01,126744.0,106759.0,4.6,8.0,67.2,131986.0
1998-10-01,126949.0,106948.0,4.5,7.9,67.2,131999.0
1998-11-01,127222.0,107178.0,4.4,7.7,67.1,132280.0
1998-12-01,127595.0,107516.0,4.4,7.6,67.2,132602.0
1999-01-01,127699.0,107615.0,4.3,7.6,67.2,133027.0
1999-02-01,128117.0,107973.0,4.4,7.7,67.2,132856.0
1999-03-01,128234.0,108066.0,4.2,7.5,67.0,132947.0
1999-04-01,128595.0,108358.0,4.3,7.7,67.1,132955.0
1999-05-01,128813.0,108584.0,4.2,7.4,67.1,133311.0
1999-06-01,129084.0,108812.0,4.3,7.5,67.1,133378.0
1999-07-01,129422.0,109083.0,4.3,7.5,67.1,133414.0
1999-08-01,129572.0,109197.0,4.2,7.3,67.0,133591.0
1999-09-01,129771.0,109367.0,4.2,7.4,67.0,133707.0
1999-10-01,130178.0,109721.0,4.1,7.2,67.0,133993.0
1999-11-01,130466.0,109970.0,4.1,7.2,67.1,134309.0
1999-12-01,130783.0,110243.0,4.0,7.1,67.1,134523.0
2000-01-01,131011.0,110440.0,4.0,7.0,67.3,136559.0
2000-02-01,131120.0,110521.0,4.1,7.1,67.3,136598.0
2000-03-01,131604.0,110871.0,4.0,7.1,67.3,136701.0
2000-04-01,131884.0,111082.0,3.8,6.9,67.3,137270.0
2000-05-01,132105.0,110958.0,4.0,7.1,67.1,136630.0
2000-06-01,132063.0,111176.0,4.0,7.0,67.1,136940.0
2000-07-01,132228.0,111361.0,4.0,7.0,66.9,136531.0
2000-08-01,132234.0,111397.0,4.1,7.1,66.9,136662.0
2000-09-01,132337.0,111602.0,3.9,7.0,66.9,136893.0
2000-10-01,132352.0,111609.0,3.9,6.8,66.8,137088.0
2000-11-01,132556.0,111796.0,3.9,7.1,66.9,137322.0
2000-12-01,132716.0,111912.0,3.9,6.9,67.0,137614.0
2001-01-01,132703.0,111868.0,4.2,7.3,67.2,137778.0
2001-02-01,132788.0,111882.0,4.2,7.3,67.1,137612.0
2001-03-01,132751.0,111806.0,4.3,7.3,67.2,137783.0
2001-04-01,132458.0,111466.0,4.4,7.4,66.9,137299.0
2001-05-01,132408.0,111379.0,4.3,7.5,66.7,137092.0
2001-06-01,132300.0,111163.0,4.5,7.9,66.7,136873.0
2001-07-01,132172.0,110987.0,4.6,7.9,66.8,137071.0
2001-08-01,132021.0,110803.0,4.9,8.2,66.5,136241.0
2001-09-01,131763.0,110521.0,5.0,8.7,66.8,136846.0
2001-10-01,131452.0,110177.0,5.3,9.3,66.7,136392.0
2001-11-01,131144.0,109818.0,5.5,9.4,66.7,136238.0
2001-12-01,130983.0,109628.0,5.7,9.6,66.7,136047.0
2002-01-01,130859.0,109482.0,5.7,9.4,66.5,135701.0
2002-02-01,130737.0,109347.0,5.7,9.5,66.8,136438.0
2002-03-01,130722.0,109291.0,5.7,9.4,66.6,136177.0
2002-04-01,130616.0,109173.0,5.9,9.7,66.7,136126.0
2002-05-01,130632.0,109118.0,5.8,9.6,66.7,136539.0
2002-06-01,130674.0,109125.0,5.8,9.5,66.6,136415.0
2002-07-01,130584.0,109040.0,5.8,9.6,66.5,136413.0
2002-08-01,130581.0,108992.0,5.7,9.6,66.6,136705.0
2002-09-01,130502.0,108956.0,5.7,9.6,66.7,137302.0
2002-10-01,130617.0,109058.0,5.7,9.6,66.6,137008.0
2002-11-01,130616.0,109035.0,5.9,9.8,66.4,136521.0
2002-12-01,130465.0,108877.0,6.0,9.8,66.3,136426.0
2003-01-01,130573.0,108947.0,5.8,9.9,66.4,137417.0
2003-02-01,130441.0,108817.0,5.9,10.1,66.4,137482.0
2003-03-01,130235.0,108625.0,5.9,10.0,66.3,137434.0
2003-04-01,130173.0,108578.0,6.0,10.2,66.4,137633.0
2003-05-01,130197.0,108630.0,6.1,10.1,66.4,137544.0
2003-06-01,130186.0,108580.0,6.3,10.3,66.5,137790.0
2003-07-01,130184.0,108551.0,6.2,10.3,66.2,137474.0
2003-08-01,130153.0,108597.0,6.1,10.1,66.1,137549.0
2003-09-01,130252.0,108748.0,6.1,10.4,66.1,137609.0
2003-10-01,130439.0,108881.0,6.0,10.2,66.1,137984.0
2003-11-01,130480.0,108945.0,5.8,10.1,66.1,138424.0
2003-12-01,130589.0,109043.0,5.7,9.8,65.9,138411.0
2004-01-01,130756.0,109218.0,5.7,9.8,66.1,138472.0
2004-02-01,130821.0,109271.0,5.6,9.7,66.0,138542.0
2004-03-01,131140.0,109552.0,5.8,10.0,66.0,138453.0
2004-04-01,131412.0,109798.0,5.6,9.6,65.9,138680.0
2004-05-01,131697.0,110083.0,5.6,9.7,66.0,138852.0
2004-06-01,131794.0,110193.0,5.6,9.6,66.1,139174.0
2004-07-01,131854.0,110248.0,5.5,9.5,66.1,139556.0
2004-08-01,131939.0,110313.0,5.4,9.4,66.0,139573.0
2004-09-01,132089.0,110454.0,5.4,9.4,65.8,139487.0
2004-10-01,132429.0,110773.0,5.5,9.7,65.9,139732.0
2004-11-01,132503.0,110811.0,5.4,9.4,66.0,140231.0
2004-12-01,132630.0,110937.0,5.4,9.3,65.9,140125.0
2005-01-01,132781.0,111046.0,5.3,9.2,65.8,140245.0
2005-02-01,133034.0,111290.0,5.4,9.2,65.9,140385.0
2005-03-01,133154.0,111414.0,5.2,9.1,65.9,140654.0
2005-04-01,133520.0,111766.0,5.2,9.0,66.1,141254.0
2005-05-01,133689.0,111908.0,5.1,8.9,66.1,141609.0
2005-06-01,133948.0,112185.0,5.0,9.0,66.1,141714.0
2005-07-01,134300.0,112443.0,5.0,8.8,66.1,142026.0
2005-08-01,134502.0,112639.0,4.9,8.9,66.2,142434.0
2005-09-01,134552.0,112707.0,5.0,9.0,66.1,142401.0
2005-10-01,134641.0,112812.0,5.0,8.7,66.1,142548.0
2005-11-01,134997.0,113138.0,5.0,8.7,66.0,142499.0
2005-12-01,135159.0,113280.0,4.9,8.6,66.0,142752.0
2006-01-01,135427.0,113580.0,4.7,8.4,66.0,143150.0
2006-02-01,135733.0,113855.0,4.8,8.4,66.1,143457.0
2006-03-01,136038.0,114135.0,4.7,8.2,66.2,143741.0
2006-04-01,136210.0,114291.0,4.7,8.1,66.1,143761.0
2006-05-01,136249.0,114323.0,4.6,8.2,66.1,144089.0
2006-06-01,136337.0,114415.0,4.6,8.4,66.2,144353.0
2006-07-01,136529.0,114556.0,4.7,8.5,66.1,144202.0
2006-08-01,136692.0,114681.0,4.7,8.4,66.2,144625.0
2006-09-01,136826.0,114744.0,4.5,8.0,66.1,144815.0
2006-10-01,136843.0,114775.0,4.4,8.2,66.2,145314.0
2006-11-01,137060.0,114977.0,4.5,8.1,66.3,145534.0
2006-12-01,137249.0,115161.0,4.4,7.9,66.4,145970.0
2007-01-01,137472.0,115377.0,4.6,8.3,66.4,146028.0
2007-02-01,137560.0,115429.0,4.5,8.1,66.3,146057.0
2007-03-01,137784.0,115635.0,4.4,8.0,66.2,146320.0
2007-04-01,137847.0,115672.0,4.5,8.2,65.9,145586.0
2007-05-01,137992.0,115799.0,4.4,8.2,66.0,145903.0
2007-06-01,138070.0,115863.0,4.6,8.3,66.0,146063.0
2007-07-01,138044.0,115873.0,4.7,8.4,66.0,145905.0
2007-08-01,138013.0,115787.0,4.6,8.4,65.8,145682.0
2007-09-01,138099.0,115820.0,4.7,8.4,66.0,146244.0
2007-10-01,138175.0,115878.0,4.7,8.4,65.8,145946.0
2007-11-01,138290.0,115956.0,4.7,8.5,66.0,146595.0
2007-12-01,138395.0,116019.0,5.0,8.8,66.0,146273.0
2008-01-01,138391.0,116003.0,5.0,9.1,66.2,146378.0
2008-02-01,138329.0,115912.0,4.9,9.0,66.0,146156.0
2008-03-01,138259.0,115816.0,5.1,9.1,66.1,146086.0
2008-04-01,138040.0,115590.0,5.0,9.2,65.9,146132.0
2008-05-01,137851.0,115368.0,5.4,9.7,66.1,145908.0
2008-06-01,137700.0,115183.0,5.6,10.0,66.1,145737.0
2008-07-01,137497.0,114929.0,5.8,10.5,66.1,145532.0
2008-08-01,137211.0,114644.0,6.1,10.8,66.1,145203.0
2008-09-01,136760.0,114223.0,6.1,11.1,66.0,145076.0
2008-10-01,136291.0,113742.0,6.5,11.8,66.0,144802.0
2008-11-01,135541.0,112981.0,6.8,12.7,65.9,144100.0
2008-12-01,134847.0,112291.0,7.3,13.6,65.8,143369.0
2009-01-01,134079.0,111500.0,7.8,14.1,65.7,142152.0
2009-02-01,133318.0,110742.0,8.3,15.1,65.8,141640.0
2009-03-01,132494.0,109934.0,8.7,15.8,65.6,140707.0
2009-04-01,131822.0,109145.0,9.0,15.9,65.7,140656.0
2009-05-01,131466.0,108849.0,9.4,16.5,65.7,140248.0
2009-06-01,131008.0,108432.0,9.5,16.5,65.7,140009.0
2009-07-01,130662.0,108141.0,9.5,16.4,65.5,139901.0
2009-08-01,130472.0,107935.0,9.6,16.7,65.4,139492.0
2009-09-01,130246.0,107795.0,9.8,16.7,65.1,138818.0
2009-10-01,130061.0,107537.0,10.0,17.1,65.0,138432.0
2009-11-01,130057.0,107524.0,9.9,17.1,65.0,138659.0
2009-12-01,129808.0,107326.0,9.9,17.2,64.6,138013.0
2010-01-01,129802.0,107311.0,9.8,16.6,64.8,138438.0
2010-02-01,129706.0,107230.0,9.8,17.0,64.9,138581.0
2010-03-01,129866.0,107348.0,9.9,17.1,64.9,138751.0
2010-04-01,130120.0,107551.0,9.9,17.2,65.2,139297.0
2010-05-01,130642.0,107646.0,9.6,16.7,64.9,139241.0
2010-06-01,130510.0,107770.0,9.4,16.4,64.6,139141.0
2010-07-01,130415.0,107846.0,9.4,16.4,64.6,139179.0
2010-08-01,130415.0,107995.0,9.5,16.5,64.7,139438.0
2010-09-01,130341.0,108094.0,9.5,16.9,64.6,139396.0
2010-10-01,130620.0,108323.0,9.4,16.6,64.4,139119.0
2010-11-01,130749.0,108462.0,9.8,16.9,64.6,139044.0
2010-12-01,130830.0,108564.0,9.3,16.6,64.3,139301.0
2011-01-01,130837.0,108579.0,9.1,16.1,64.2,139250.0
2011-02-01,131057.0,108842.0,9.0,16.0,64.1,139394.0
2011-03-01,131283.0,109091.0,9.0,16.0,64.2,139639.0
2011-04-01,131597.0,109413.0,9.1,16.1,64.2,139586.0
2011-05-01,131703.0,109574.0,9.0,15.9,64.1,139624.0
2011-06-01,131931.0,109767.0,9.1,16.1,64.0,139384.0
2011-07-01,131992.0,109943.0,9.0,15.9,64.0,139524.0
2011-08-01,132125.0,110108.0,9.0,16.1,64.1,139942.0
2011-09-01,132344.0,110361.0,9.0,16.4,64.2,140183.0
2011-10-01,132553.0,110555.0,8.8,15.8,64.1,140368.0
2011-11-01,132690.0,110719.0,8.6,15.6,64.1,140826.0
2011-12-01,132888.0,110934.0,8.5,15.2,64.0,140902.0
2012-01-01,133246.0,111300.0,8.3,15.1,63.7,141584.0
2012-02-01,133509.0,111562.0,8.3,15.0,63.8,141858.0
2012-03-01,133748.0,111805.0,8.2,14.6,63.8,142036.0
2012-04-01,133825.0,111894.0,8.2,14.7,63.7,141899.0
2012-05-01,133932.0,112021.0,8.2,14.8,63.7,142206.0
2012-06-01,134013.0,112083.0,8.2,14.7,63.8,142391.0
2012-07-01,134157.0,112244.0,8.2,14.7,63.7,142292.0
2012-08-01,134339.0,112423.0,8.1,14.6,63.5,142291.0
2012-09-01,134517.0,112592.0,7.8,14.8,63.6,143044.0
2012-10-01,134669.0,112766.0,7.8,14.4,63.8,143431.0
2012-11-01,134825.0,112942.0,7.7,14.4,63.6,143333.0
2012-12-01,135074.0,113187.0,7.9,14.4,63.7,143330.0
2013-01-01,135257.0,113388.0,8.0,14.5,63.7,143292.0
2013-02-01,135546.0,113665.0,7.7,14.3,63.4,143362.0
2013-03-01,135689.0,113819.0,7.5,13.9,63.3,143316.0
2013-04-01,135873.0,114004.0,7.6,14.0,63.4,143635.0
2013-05-01,136096.0,114232.0,7.5,13.9,63.4,143882.0
2013-06-01,136279.0,114439.0,7.5,14.2,63.4,143999.0
2013-07-01,136391.0,114576.0,7.3,13.8,63.3,144264.0
2013-08-01,136646.0,114815.0,7.2,13.6,63.3,144326.0
2013-09-01,136821.0,114986.0,7.2,13.5,63.2,144418.0
2013-10-01,137041.0,115211.0,7.2,13.6,62.8,143537.0
2013-11-01,137317.0,115474.0,6.9,13.1,63.0,144479.0
2013-12-01,137372.0,115552.0,6.7,13.1,62.9,144778.0
2014-01-01,137561.0,115747.0,6.6,12.6,62.9,145150.0
2014-02-01,137712.0,115887.0,6.7,12.6,62.9,145134.0
2014-03-01,137985.0,116152.0,6.7,12.7,63.1,145648.0
2014-04-01,138298.0,116445.0,6.2,12.3,62.8,145667.0
2014-05-01,138513.0,116681.0,6.3,12.3,62.9,145825.0
2014-06-01,138849.0,116954.0,6.1,12.0,62.8,146247.0
2014-07-01,139072.0,117171.0,6.2,12.1,62.9,146399.0
2014-08-01,139269.0,117414.0,6.1,12.0,62.9,146530.0
2014-09-01,139563.0,117666.0,5.9,11.7,62.8,146778.0
2014-10-01,139798.0,117881.0,5.7,11.5,62.9,147427.0
2014-11-01,140089.0,118157.0,5.8,11.4,62.9,147404.0
2014-12-01,140364.0,118417.0,5.6,11.2,62.8,147615.0
2015-01-01,140568.0,118608.0,5.7,11.2,62.9,148145.0
2015-02-01,140827.0,118849.0,5.5,10.9,62.7,148045.0
2015-03-01,140923.0,118953.0,5.4,10.9,62.6,148128.0
2015-04-01,141196.0,119191.0,5.4,10.9,62.8,148511.0
2015-05-01,141538.0,119526.0,5.6,10.9,62.9,148817.0
2015-06-01,141709.0,119694.0,5.3,10.4,62.7,148816.0
2015-07-01,141991.0,119941.0,5.2,10.3,62.6,148830.0
2015-08-01,142125.0,120065.0,5.1,10.2,62.6,149181.0
2015-09-01,142275.0,120235.0,5.0,10.0,62.4,148826.0
2015-10-01,142579.0,120523.0,5.0,9.8,62.5,149246.0
2015-11-01,142808.0,120727.0,5.1,10.0,62.5,149463.0
2015-12-01,143077.0,120980.0,5.0,9.9,62.7,150128.0
2016-01-01,143210.0,121096.0,4.8,9.7,62.7,150653.0
2016-02-01,143406.0,121268.0,4.9,9.6,62.8,150939.0
2016-03-01,143662.0,121484.0,5.0,9.8,63.0,151218.0
2016-04-01,143854.0,121670.0,5.1,9.9,62.9,151074.0
2016-05-01,143900.0,121701.0,4.8,9.9,62.7,151132.0
2016-06-01,144147.0,121967.0,4.9,9.5,62.7,151223.0
2016-07-01,144520.0,122231.0,4.8,9.6,62.8,151554.0
2016-08-01,144661.0,122377.0,4.9,9.6,62.9,151779.0
2016-09-01,144967.0,122644.0,5.0,9.7,62.9,151761.0
2016-10-01,145065.0,122770.0,4.9,9.6,62.8,151793.0
2016-11-01,145183.0,122906.0,4.7,9.4,62.7,151954.0
2016-12-01,145408.0,123104.0,4.7,9.2,62.7,152157.0
2017-01-01,145628.0,123312.0,4.7,9.2,62.8,152152.0
2017-02-01,145846.0,123520.0,4.6,9.0,62.9,152480.0
2017-03-01,145970.0,123641.0,4.4,8.8,62.9,153065.0
2017-04-01,146175.0,123840.0,4.4,8.6,63.0,153255.0
2017-05-01,146380.0,124033.0,4.4,8.5,62.8,153069.0
2017-06-01,146583.0,124223.0,4.3,8.5,62.8,153318.0
2017-07-01,146772.0,124398.0,4.3,8.5,62.9,153569.0
2017-08-01,146919.0,124609.0,4.4,8.6,62.9,153503.0
2017-09-01,147008.0,124675.0,4.3,8.3,63.1,154286.0
2017-10-01,147149.0,124788.0,4.2,8.1,62.7,153609.0
2017-11-01,147372.0,124993.0,4.2,8.0,62.7,153805.0
2017-12-01,147523.0,125139.0,4.1,8.1,62.7,153904.0
2018-01-01,147660.0,125286.0,4.0,8.0,62.7,154425.0
2018-02-01,148054.0,125635.0,4.1,8.1,63.0,155197.0
2018-03-01,148280.0,125853.0,4.0,8.0,62.9,155214.0
2018-04-01,148420.0,125976.0,4.0,7.9,62.9,155312.0
2018-05-01,148742.0,126293.0,3.8,7.8,62.9,155652.0
2018-06-01,148960.0,126478.0,4.0,7.8,63.0,155762.0
2018-07-01,149020.0,126584.0,3.8,7.5,63.0,156146.0
2018-08-01,149277.0,126809.0,3.8,7.4,62.6,155504.0
2018-09-01,149358.0,126884.0,3.7,7.5,62.8,156015.0
2018-10-01,149527.0,127048.0,3.8,7.5,62.9,156391.0
2018-11-01,149617.0,127144.0,3.8,7.6,62.9,156721.0
2018-12-01,149809.0,127298.0,3.9,7.6,63.0,156817.0
2019-01-01,150060.0,127552.0,4.0,8.0,63.1,156487.0
2019-02-01,150067.0,127542.0,3.8,7.2,63.1,156863.0
2019-03-01,150295.0,127726.0,3.8,7.4,63.0,156701.0
2019-04-01,150591.0,127972.0,3.7,7.4,62.8,156625.0
2019-05-01,150618.0,128056.0,3.6,7.1,62.9,156821.0
2019-06-01,150838.0,128234.0,3.6,7.2,63.0,157232.0
2019-07-01,150937.0,128365.0,3.7,6.9,63.1,157529.0
2019-08-01,151169.0,128544.0,3.6,7.2,63.1,157829.0
2019-09-01,151365.0,128712.0,3.5,6.9,63.2,158339.0
2019-10-01,151460.0,128790.0,3.6,6.9,63.3,158545.0
2019-11-01,151667.0,128958.0,3.6,6.8,63.3,158629.0
2019-12-01,151794.0,129068.0,3.6,6.8,63.3,158845.0
2020-01-01,152031.0,129250.0,3.6,7.0,63.3,158508.0
2020-02-01,152293.0,129436.0,3.5,7.0,63.3,158714.0
2020-03-01,150895.0,128068.0,4.4,8.8,62.6,155353.0
2020-04-01,130426.0,108517.0,14.8,22.9,60.1,133185.0
2020-05-01,133040.0,111647.0,13.2,21.1,60.8,137173.0
2020-06-01,137671.0,116259.0,11.0,18.0,61.5,142342.0
2020-07-01,139255.0,117741.0,10.2,16.5,61.5,143779.0
2020-08-01,140821.0,118821.0,8.4,14.2,61.7,147245.0
2020-09-01,141770.0,119841.0,7.8,12.8,61.4,147620.0
2020-10-01,142460.0,120655.0,6.9,12.1,61.7,149931.0
2020-11-01,142733.0,121050.0,6.7,11.9,61.5,149934.0
2020-12-01,142548.0,120870.0,6.7,11.7,61.5,149975.0
2021-01-01,142863.0,121122.0,6.4,11.2,61.4,149821.0
2021-02-01,143380.0,121626.0,6.2,11.1,61.4,150234.0
2021-03-01,144232.0,122388.0,6.1,10.8,61.5,150666.0
2021-04-01,144587.0,122694.0,6.1,10.3,61.6,151045.0
2021-05-01,145065.0,123136.0,5.8,10.1,61.6,151546.0
2021-06-01,145820.0,123789.0,5.9,9.8,61.7,151721.0
2021-07-01,146762.0,124723.0,5.4,9.2,61.8,152812.0
2021-08-01,147314.0,125178.0,5.1,8.8,61.7,153258.0
2021-09-01,147771.0,125669.0,4.7,8.4,61.7,153844.0
2021-10-01,148572.0,126545.0,4.5,8.2,61.8,154468.0
2021-11-01,149230.0,127184.0,4.1,7.7,61.9,155513.0
2021-12-01,149816.0,127754.0,3.9,7.3,62.0,156053.0
2022-01-01,150006.0,127957.0,4.0,7.1,62.2,157081.0
2022-02-01,150825.0,128793.0,3.9,7.2,62.3,157654.0
2022-03-01,151315.0,129282.0,3.7,7.0,62.4,158238.0
2022-04-01,151623.0,129554.0,3.7,7.0,62.2,157852.0
2022-05-01,151924.0,129799.0,3.6,7.1,62.3,158393.0
2022-06-01,152358.0,130216.0,3.6,6.7,62.2,158085.0
2022-07-01,153072.0,130766.0,3.5,6.8,62.1,158307.0
2022-08-01,153362.0,131056.0,3.6,6.9,62.3,158744.0
2022-09-01,153582.0,131285.0,3.5,6.7,62.2,158814.0
2022-10-01,153939.0,131646.0,3.6,6.7,62.2,158671.0
2022-11-01,154242.0,131863.0,3.6,6.7,62.1,158484.0
2022-12-01,154342.0,131977.0,3.5,6.6,62.3,159202.0
2023-01-01,154776.0,132292.0,3.5,6.7,62.4,160173.0
2023-02-01,155066.0,132528.0,3.6,6.8,62.5,160457.0
2023-03-01,155134.0,132554.0,3.5,6.7,62.6,160848.0
2023-04-01,155375.0,132733.0,3.4,6.6,62.6,160927.0
2023-05-01,155655.0,132933.0,3.6,6.7,62.6,160812.0
2023-06-01,155880.0,133088.0,3.6,6.9,62.6,160973.0
2023-07-01,156043.0,133206.0,3.5,6.7,62.6,161246.0
2023-08-01,156261.0,133354.0,3.7,7.1,62.8,161485.0
2023-09-01,156417.0,133469.0,3.7,7.0,62.7,161451.0
2023-10-01,156576.0,133583.0,3.9,7.2,62.6,161198.0
2023-11-01,156703.0,133667.0,3.7,7.0,62.8,161863.0
2023-12-01,156857.0,133766.0,3.8,7.2,62.5,161058.0
2024-01-01,157032.0,133892.0,3.7,7.2,62.5,161133.0
2024-02-01,157238.0,134027.0,3.9,7.3,62.6,161083.0
2024-03-01,157466.0,134170.0,3.9,7.3,62.7,161462.0
2024-04-01,157530.0,134233.0,3.9,7.4,62.6,161438.0
2024-05-01,157608.0,134278.0,3.9,7.4,62.6,161180.0
2024-06-01,157695.0,134356.0,4.1,7.4,62.6,161152.0
2024-07-01,157748.0,134348.0,4.2,7.8,62.7,161297.0
2024-08-01,157757.0,134321.0,4.2,7.8,62.7,161429.0
2024-09-01,157912.0,134463.0,4.1,7.7,62.7,161813.0
2024-10-01,157945.0,134459.0,4.1,7.7,62.5,161444.0
2024-11-01,158079.0,134575.0,4.2,7.7,62.4,161159.0
2024-12-01,158316.0,134787.0,4.1,7.6,62.5,161586.0
2025-01-01,158268.0,134711.0,4.0,7.5,62.6,163831.0
2025-02-01,158310.0,134751.0,4.2,8.0,62.5,163338.0
2025-03-01,158377.0,134818.0,4.2,7.9,62.5,163509.0
2025-04-01,158485.0,134917.0,4.2,7.8,62.6,163898.0
2025-05-01,158498.0,134937.0,4.3,7.8,62.4,163244.0
2025-06-01,158478.0,134892.0,4.1,7.7,62.3,163327.0
2025-07-01,158542.0,134957.0,4.3,7.9,62.2,163140.0
2025-08-01,158472.0,134937.0,4.3,8.1,62.3,163370.0
2025-09-01,158548.0,135005.0,4.4,8.1,62.5,163656.0
2025-10-01,158408.0,135018.0,,,,
2025-11-01,158449.0,135090.0,4.5,8.7,62.5,163760.0
2025-12-01,158432.0,135083.0,4.4,8.4,62.4,163992.0
2026-01-01,158558.0,135229.0,4.3,8.1,62.1,163097.0
2026-02-01,158466.0,135143.0,4.4,7.9,62.0,162912.0
